Date_time,CPU,Memory_Bytes,Disk_Usage
1628634924,66181466349894,14267060224,1854628
1628634929,66186111268847,14238257152,1855560
1628634934,66191113412688,14227808256,1857420
1628634939,66197839619780,14437326848,1858856
1628634944,66201979476406,14345441280,1860212
1628634949,66207587049113,14341750784,1862076
1628634955,66213458021292,14497964032,1863004
1628634960,66217645978308,14370619392,1864868
1628634965,66223777226818,14353047552,1866728
1628634970,66229259697004,14468575232,1867660
1628634975,66233614243121,14360006656,1869520
1628634980,66239773122481,14359228416,1871384
1628634986,66244861774804,14434795520,1872312
1628634991,66249701717929,14361997312,1874176
1628634996,66255980736015,14521888768,1876036
1628635001,66260510781961,14418763776,1876968
1628635006,66265500875173,14367944704,1878828
1628635011,66271344771526,14523551744,1879760
1628635017,66275348161289,14398345216,1881620
1628635022,66280851452719,14372401152,1883480
1628635027,66286358870263,14505779200,1884412
1628635032,66290479444806,14377910272,1886276
1628635037,66296323834956,14377275392,1888136
1628635042,66301473257302,14481432576,1889068
1628635048,66305683440073,14382817280,1890928
1628635053,66311587060116,14382473216,1892788
1628635058,66316494848716,14465744896,1893720
1628635063,66320905218617,14386397184,1895580
1628635068,66327141728960,14389067776,1897444
1628635074,66331667840175,14460755968,1898372
1628635079,66336254226478,14392532992,1900236
1628635084,66342268825313,14551437312,1902096
1628635089,66346573852370,14443798528,1903028
1628635094,66351699692844,14400626688,1904888
1628635099,66357530390618,14556762112,1905820
1628635104,66361615469792,14440030208,1907680
1628635110,66367148637397,14410117120,1909544
1628635115,66372816736884,14561566720,1910472
1628635120,66376922779577,14437150720,1912336
1628635125,66382606963743,14420213760,1914196
1628635130,66387973920982,14543634432,1915128
1628635135,66392232773560,14429589504,1916988
1628635141,66398082806128,14429876224,1918848
1628635146,66403175161809,14536564736,1919780
1628635151,66407424465494,14435401728,1921640
1628635156,66413421113756,14435164160,1923504
1628635161,66418372719463,14537478144,1924436
1628635166,66422642372563,14439018496,1926296
1628635172,66428746486786,14558380032,1928156
1628635177,66433421464627,14513250304,1929088
1628635182,66437955230409,14444691456,1930948
1628635187,66443952203894,14605856768,1932812
1628635192,66448524051613,14518222848,1933740
1628635197,66453173669923,14458404864,1935604
1628635203,66459288010473,14619496448,1937464
1628635208,66463603646345,14511157248,1938396
1628635213,66468707058832,14465273856,1940256
1628635218,66474759432842,14623756288,1941188
1628635223,66478777411411,14508195840,1943048
1628635228,66484059415011,14470365184,1944912
1628635234,66489834586995,14625275904,1945840
1628635239,66493827701606,14502080512,1947704
1628635244,66499309584952,14475296768,1949564
1628635249,66504906906043,14628147200,1950496
1628635254,66508945771088,14500696064,1952356
1628635259,66514636322743,14480044032,1954216
1628635265,66519985694319,14597120000,1955148
1628635270,66524120041515,14484443136,1957008
1628635275,66529940423580,14484975616,1958872
1628635280,66535263913178,14596370432,1959800
1628635285,66539437751610,14490316800,1961664
1628635290,66545263443303,14489649152,1963524
1628635296,66550765878380,14591574016,1964456
1628635301,66554985742063,14495531008,1966316
1628635306,66561024111137,14495096832,1968180
1628635311,66565955027742,14579085312,1969108
1628635316,66570191567515,14497898496,1970972
1628635321,66576340523823,14655995904,1972832
1628635327,66580920723646,14570246144,1973764
1628635332,66585450078388,14502277120,1975624
1628635337,66591538253197,14661861376,1977484
1628635342,66596029830610,14577278976,1978416
1628635347,66600735659285,14507438080,1980280
1628635352,66606819822651,14667984896,1982140
1628635358,66611169877380,14565445632,1983072
1628635363,66616041816841,14512173056,1984932
1628635368,66622069045193,14671056896,1986792
1628635373,66626081996037,14558969856,1987724
1628635378,66631175163739,14517100544,1989584
1628635383,66637094086435,14673674240,1990516
1628635388,66641127456301,14557757440,1992376
1628635394,66646546521981,14521790464,1994240
1628635399,66652253429625,14677135360,1995168
1628635404,66656254416192,14557290496,1997032
1628635409,66661772137219,14526189568,1998892
1628635414,66667252574561,14679830528,1999824
1628635419,66671290567514,14544199680,2001684
1628635425,66677019646617,14531141632,2003556
1628635430,66682108670627,14640410624,2004484
1628635435,66686285564382,14537490432,2006348
1628635440,66692111415240,14536114176,2008208
1628635445,66697004187079,14619795456,2009140
1628635450,66701242003006,14538645504,2011000
1628635456,66707530318819,14699470848,2012860
1628635461,66712247339365,14612545536,2013792
1628635466,66716957657421,14543929344,2015656
1628635471,66723031246098,14704467968,2017516
1628635476,66727294000544,14601932800,2018448
1628635481,66732347906829,14548721664,2020308
1628635487,66738348165526,14707892224,2022168
1628635492,66742541376768,14597304320,2023100
1628635497,66747702152495,14553583616,2024960
1628635502,66753530445009,14709514240,2025892
1628635507,66757477171933,14581907456,2027752
1628635513,66763026317373,14558674944,2029616
1628635518,66768423754259,14690914304,2030544
1628635523,66772349889292,14564081664,2032408
1628635528,66778069908161,14563463168,2034268
1628635533,66783306841833,14675050496,2035200
1628635538,66787432880233,14569385984,2037060
1628635543,66793176810283,14568116224,2038924
1628635549,66798157090187,14671843328,2039852
1628635554,66802568829203,14574145536,2041716
1628635559,66808412995784,14572838912,2043576
1628635564,66813324789098,14669926400,2044508
1628635569,66817822949069,14575845376,2046368
1628635575,66824338005819,14735654912,2048228
1628635580,66828510128004,14609960960,2049160
1628635585,66834093096880,14581727232,2051020
1628635590,66839302601274,14695575552,2051952
1628635595,66843536914137,14587850752,2053816
1628635600,66849476969459,14586568704,2055676
1628635606,66854414826472,14661480448,2056608
1628635611,66859243111116,14589640704,2058468
1628635616,66865403028624,14746763264,2059400
1628635621,66869430064358,14615379968,2061260
1628635626,66875205048685,14594371584,2063120
1628635631,66880226355926,14676430848,2064052
1628635637,66884875005411,14597246976,2065912
1628635642,66890804521198,14756331520,2067776
1628635647,66895156401489,14651244544,2068704
1628635652,66900033005689,14602010624,2070568
1628635657,66905961831626,14761349120,2072428
1628635662,66910052595979,14650433536,2073360
1628635668,66915068854842,14606860288,2075220
1628635673,66921035509755,14765334528,2077084
1628635678,66925014906055,14654513152,2078012
1628635683,66930088239191,14611726336,2079876
1628635688,66935770645210,14766608384,2080804
1628635693,66939746332888,14643449856,2082668
1628635699,66945212314472,14616301568,2084528
1628635704,66950727267001,14767607808,2085460
1628635709,66954615701556,14635810816,2087320
1628635714,66960364150107,14621257728,2089180
1628635719,66965421781334,14728962048,2090112
1628635724,66969571639947,14626803712,2091976
1628635730,66975419904080,14626086912,2093836
1628635735,66980251570404,14719746048,2094768
1628635740,66984445386137,14630756352,2096628
1628635745,66990428121839,14630858752,2098504
1628635750,66995224338064,14711894016,2099436
1628635755,66999674285080,14634463232,2101296
1628635761,67005557227825,14792781824,2103156
1628635766,67010085366190,14707695616,2104088
1628635771,67014603898077,14639443968,2105948
1628635776,67020584692386,14798589952,2107812
1628635781,67025043045165,14708842496,2108740
1628635786,67029798698544,14644645888,2110604
1628635792,67035893068566,14803533824,2112464
1628635797,67039991366411,14692327424,2113396
1628635802,67044911940895,14649049088,2115256
1628635807,67050752379594,14805921792,2116188
1628635812,67054731943480,14691319808,2118048
1628635817,67059945333980,14655164416,2119912
1628635822,67065642938205,14807687168,2120840
1628635828,67069846921926,14681387008,2122704
1628635833,67075419279929,14661341184,2124564
1628635838,67080811748768,14786326528,2125496
1628635843,67084801760355,14667292672,2127356
1628635848,67090482159642,14665879552,2129216
1628635853,67095553538145,14774558720,2130148
1628635859,67099730708273,14671503360,2132008
1628635864,67105679234095,14670929920,2133872
1628635869,67110610315307,14774091776,2134804
1628635874,67114715573873,14676443136,2136664
1628635879,67120573149401,14676041728,2138524
1628635884,67125507908836,14776287232,2139456
1628635890,67129669647021,14681989120,2141316
1628635895,67135685548424,14680588288,2143180
1628635900,67140334142249,14760144896,2144108
1628635905,67144686181376,14683193344,2145972
1628635910,67150740163390,14685061120,2147832
1628635915,67155213738895,14756511744,2148764
1628635921,67159888006675,14688432128,2150624
1628635926,67165867367886,14845976576,2152488
1628635931,67170199040465,14749343744,2153416
1628635936,67174972385270,14693052416,2155280
1628635941,67180941544583,14852276224,2157140
1628635946,67184876507331,14740361216,2158072
1628635952,67189948024856,14697398272,2159932
1628635957,67195689424203,14853586944,2160864
1628635962,67199634475170,14732124160,2162724
1628635967,67204919340745,14702354432,2164584
1628635972,67210501636470,14853566464,2165516
1628635977,67214488112120,14726279168,2167376
1628635983,67220209090587,14707318784,2169240
1628635988,67225362547530,14819635200,2170168
1628635993,67229577437830,14712999936,2172032
1628635998,67235353865859,14711939072,2173892
1628636003,67240422898656,14816808960,2174824
1628636008,67244665530032,14717448192,2176684
1628636014,67251353506578,14720913408,2178548
1628636019,67256015817069,14801027072,2179476
1628636024,67260377826377,14723633152,2181340
1628636029,67266353443707,14881607680,2183200
1628636034,67270912464442,14796701696,2184132
1628636039,67275751442677,14728282112,2185992
1628636045,67281742953662,14887763968,2187852
1628636050,67285639973149,14773846016,2188784
1628636055,67291080962066,13658071040,1142604
1628636060,67296606430272,13810348032,1143532
1628636065,67300578721478,13663768576,1145396
1628636070,67306258552669,13662859264,1147256
1628636076,67311268573814,13767831552,1148188
1628636081,67315455725516,13665423360,1150048
1628636086,67321939563206,13824856064,1151908
1628636091,67325976948069,13698646016,1152840
1628636096,67331943728486,13670506496,1154700
1628636101,67336846310485,13743190016,1155632
1628636107,67341806742334,13673558016,1157492
1628636112,67347725254430,13826596864,1158424
1628636117,67351854386082,13678870528,1160288
1628636122,67358325712678,13836517376,1162148
1628636127,67362567995292,13722198016,1163080
1628636132,67367977878470,13680918528,1164940
1628636138,67373268420390,13784539136,1165872
1628636143,67377642478376,13683748864,1167732
1628636148,67384063857283,13841469440,1169592
1628636153,67388135621375,13724225536,1170524
1628636158,67393766553520,13688807424,1172384
1628636163,67398866637162,13771251712,1173316
1628636169,67403409455453,13691650048,1175176
1628636174,67409625802741,13849624576,1176108
1628636179,67413599321094,13716611072,1177968
1628636184,67419600826812,13695864832,1179832
1628636189,67424526871216,13771366400,1180764
1628636194,67429244161138,13699235840,1182624
1628636200,67435399761780,13858856960,1184484
1628636205,67439264083433,13725970432,1185416
1628636210,67445138025474,13703745536,1187276
1628636215,67450182839996,13784109056,1188208
1628636220,67454922823917,13706727424,1190068
1628636225,67461123943416,13864181760,1191000
1628636231,67465128625512,13733277696,1192860
1628636236,67470983381134,13711503360,1194724
1628636241,67476070814866,13793992704,1195652
1628636246,67480567244420,13714575360,1197516
1628636251,67486773134640,13872648192,1198448
1628636256,67490712180348,13744492544,1200308
1628636262,67496669682774,13719437312,1202168
1628636267,67501820467373,13803556864,1203100
1628636272,67506299998530,13721911296,1204960
1628636277,67512590772505,13882056704,1206824
1628636282,67516634387079,13765091328,1207752
1628636288,67522106327597,13726461952,1209616
1628636293,67527438936927,13838680064,1210544
1628636298,67531563535007,13731667968,1212408
1628636303,67537812437396,13890076672,1214268
1628636308,67542362488164,13790404608,1215200
1628636313,67547383834678,13734305792,1217060
1628636319,67553155000551,13884592128,1217992
1628636324,67557144527472,13739954176,1219852
1628636329,67563254048020,13739192320,1221716
1628636334,67568008284642,13810257920,1222644
1628636339,67572915748909,13741514752,1224508
1628636344,67578729376346,13895921664,1225436
1628636350,67582631647367,13761777664,1227300
1628636355,67588532721132,13746556928,1229160
1628636360,67593573322405,13830418432,1230092
1628636365,67598137034194,13749190656,1231952
1628636370,67604457276527,13909954560,1233812
1628636375,67608337257010,13790298112,1234744
1628636381,67614079976069,13754109952,1236608
1628636386,67619589251712,13873364992,1237536
1628636391,67623710265662,13760167936,1239400
1628636396,67629584610391,13758939136,1241260
1628636401,67634343026203,13832261632,1242192
1628636406,67639058105738,13761662976,1244052
1628636412,67645193192610,13921992704,1245912
1628636417,67649015248959,13798932480,1246844
1628636422,67654581246398,13766602752,1248704
1628636427,67659788323687,13872906240,1249636
1628636432,67664029278228,13769289728,1251496
1628636438,67670177626496,13772025856,1253360
1628636443,67674694339716,13842915328,1254292
1628636448,67679365916425,13774376960,1256152
1628636453,67685631881206,13933264896,1258012
1628636458,67689569631815,13814075392,1258944
1628636463,67695140502656,13779296256,1260804
1628636469,67700511733216,13891997696,1261736
1628636474,67704653096939,13784371200,1263596
1628636479,67710761291589,13785124864,1265460
1628636484,67715349132090,13855510528,1266388
1628636489,67720008892488,13786910720,1268252
1628636494,67725982468379,13944823808,1270112
1628636500,67729965593030,13828579328,1271044
1628636505,67735427102013,13791559680,1272904
1628636510,67740743502310,13903331328,1273836
1628636515,67744876631599,13797081088,1275696
1628636520,67751006000894,13796331520,1277560
1628636525,67755539380483,13867241472,1278488
1628636531,67760282866518,13798903808,1280352
1628636536,67766472700829,13959237632,1282212
1628636541,67770391544038,13835403264,1283144
1628636546,67775933424716,13803864064,1285004
1628636551,67781118553239,13914427392,1285936
1628636556,67785420232815,13809053696,1287796
1628636562,67791541256295,13965234176,1289656
1628636567,67796077513783,13875785728,1290588
1628636572,67800920173280,13811544064,1292452
1628636577,67806841288581,13967314944,1293380
1628636582,67810791847859,13835788288,1295244
1628636588,67816597011815,13816311808,1297104
1628636593,67821612850449,13911343104,1298036
1628636598,67826000445451,13818822656,1299896
1628636603,67832047354425,13978316800,1301756
1628636608,67836223880933,13866754048,1302688
1628636613,67841322821630,13824016384,1304548
1628636619,67847042131013,13975584768,1305480
1628636624,67850976530656,13829193728,1307340
1628636629,67856869456773,13828521984,1309204
1628636634,67861852193441,13912301568,1310136
1628636639,67866182157130,13831790592,1311996
1628636644,67872448820837,13991268352,1313856
1628636650,67876692321432,13882974208,1314788
1628636655,67881726316769,13836451840,1316648
1628636660,67887544243127,13987696640,1317580
1628636665,67891467851949,13842620416,1319440
1628636670,67897397400900,13841371136,1321304
1628636675,67902259576213,13918044160,1322232
1628636681,67906937918618,13843755008,1324096
1628636686,67913270077922,14004338688,1325956
1628636691,67917667639073,13891649536,1326888
1628636696,67923136602296,13845680128,1328748
1628636701,67928622821939,13971906560,1329680
1628636706,67932680948264,13850447872,1331540
1628636712,67938989936400,14008406016,1333404
1628636717,67943460183419,13896126464,1334332
1628636722,67948962369934,13853499392,1336196
1628636727,67954195657013,13957545984,1337124
1628636732,67958632355409,13855846400,1338988
1628636738,67964998929706,14016638976,1340848
1628636743,67968894864970,13882458112,1341780
1628636748,67974887688392,13860814848,1343640
1628636753,67979915829681,13931409408,1344572
1628636758,67984891844151,13863710720,1346432
1628636763,67990693485652,13996691456,1347364
1628636769,67994759581507,13869572096,1349224
1628636774,68000949577738,13868834816,1351088
1628636779,68005640465402,13938720768,1352016
1628636784,68010528925510,13871378432,1353880
1628636789,68016509278934,14026985472,1354808
1628636794,68020424993329,13889413120,1356672
1628636800,68026333795789,13876092928,1358532
1628636805,68031273505891,13959282688,1359464
1628636810,68035622487351,13879017472,1361324
1628636815,68041916952162,14038740992,1363184
1628636820,68046150311166,13926002688,1364116
1628636825,68051603601039,13884137472,1365980
1628636831,68057213071226,14004363264,1366908
1628636836,68061270912914,13889519616,1368776
1628636841,68067400545322,13888778240,1370636
1628636846,68072048952339,13957701632,1371568
1628636851,68076787113299,13891276800,1373428
1628636856,68082827932502,14048829440,1374360
1628636862,68086773702759,13918515200,1376220
1628636867,68092473062005,13895999488,1378080
1628636872,68097550501306,14001340416,1379012
1628636877,68101659046321,13899231232,1380872
1628636882,68107910151811,14062444544,1382736
1628636888,68112291239764,13967065088,1383668
1628636893,68117119612564,13904007168,1385528
1628636898,68123036887401,14058442752,1386460
1628636903,68126975585619,13926506496,1388320
1628636908,68132634270217,13908504576,1390180
1628636913,68137733644393,14018760704,1391112
1628636919,68141912504223,13913341952,1392972
1628636924,68147918924534,13913624576,1394836
1628636929,68152647763991,13986717696,1395764
1628636934,68157663474210,13916418048,1397628
1628636939,68163780703035,14076989440,1399488
1628636944,68167783758702,13961326592,1400420
1628636950,68173022891223,13921210368,1402280
1628636955,68178605641793,14072057856,1403212
1628636960,68182616026531,13927075840,1405072
1628636965,68189031064788,14083416064,1406936
1628636970,68193506409209,13972529152,1407864
1628636975,68198873382020,13929181184,1409728
1628636981,68204281457684,14038441984,1410656
1628636986,68208494882568,13931630592,1412520
1628636991,68214846829335,14091579392,1414380
1628636996,68219009779704,13977108480,1415312
1628637001,68224375200738,13936082944,1417172
1628637006,68229682559587,14039879680,1418104
1628637012,68234276963753,13939597312,1419964
1628637017,68240728075650,14099869696,1421828
1628637022,68244603964723,13976625152,1422756
1628637027,68250369469713,13944627200,1424620
1628637032,68255440588172,14026481664,1425548
1628637038,68259948090546,13947129856,1427412
1628637043,68266268615096,14103404544,1428340
1628637048,68270178939374,13969469440,1430204
1628637053,68276085211253,13952253952,1432064
1628637058,68281045698047,14021873664,1432996
1628637063,68285898302879,13954977792,1434856
1628637069,68291886162345,14107123712,1435788
1628637074,68295910005263,13959962624,1437648
1628637079,68302075489086,13962477568,1439512
1628637084,68306664706077,14018875392,1440440
1628637089,68311746139830,13962473472,1442304
1628637094,68317381623023,14114205696,1443232
1628637100,68321316951650,13967851520,1445096
1628637105,68327227890247,13967052800,1446956
1628637110,68332203678259,14050545664,1447888
1628637115,68336738027877,13970001920,1449748
1628637120,68342923887646,14129061888,1451608
1628637125,68347028184339,14018363392,1452540
1628637131,68352164680318,13974847488,1454400
1628637136,68357891678999,14126317568,1455332
1628637141,68361802992359,13980377088,1457192
1628637146,68367741707310,13979824128,1459056
1628637151,68372499275595,14054748160,1459988
1628637156,68377194635553,13982543872,1461848
1628637162,68383340121977,14142320640,1463712
1628637167,68387264160945,14024593408,1464644
1628637172,68392574797852,13987696640,1466504
1628637177,68398130080785,14137630720,1467436
1628637182,68402157780020,13993148416,1469296
1628637187,68408126236516,13992308736,1471160
1628637193,68412916173539,14068289536,1472088
1628637198,68417360028130,13995233280,1473952
1628637203,68423351663354,14155005952,1475812
1628637208,68427631003902,14049067008,1476744
1628637213,68432623434614,13999894528,1478604
1628637218,68438429179486,14153908224,1479536
1628637224,68442342965186,14019133440,1481396
1628637229,68448172566913,14004314112,1483260
1628637234,68453178072567,14107209728,1484188
1628637239,68457443820437,14007345152,1486052
1628637244,68463630136923,14166724608,1487912
1628637249,68467972032932,14075965440,1488844
1628637255,68472808654959,14011928576,1490704
1628637260,68478608069903,14167699456,1491636
1628637265,68482578160559,14038351872,1493496
1628637270,68488096703432,14017097728,1495360
1628637275,68493255479918,14128574464,1496288
1628637280,68497411297147,14022307840,1498152
1628637286,68503334592226,14021955584,1500012
1628637291,68508046636083,14092787712,1500944
1628637296,68512678652900,14024556544,1502804
1628637301,68518803043669,14181965824,1503736
1628637306,68522717658979,14061318144,1505596
1628637311,68528163074153,14029316096,1507456
1628637317,68533445718287,14141636608,1508388
1628637322,68537651022040,14035066880,1510248
1628637327,68543601196626,14034108416,1512112
1628637332,68548281960696,14105772032,1513040
1628637337,68553094261005,14037311488,1514904
1628637342,68559536329184,14195445760,1516764
1628637348,68563760766088,14087385088,1517696
1628637353,68568962076976,14047031296,1519556
1628637358,68574603700126,14182309888,1520488
1628637363,68578655697692,14052298752,1522348
1628637368,68584651811771,14051241984,1524212
1628637373,68589351435845,14131388416,1525140
1628637379,68593812273510,14054055936,1527008
1628637384,68599930033679,14213660672,1528868
1628637389,68604287872539,14115950592,1529800
1628637394,68609131430318,14059601920,1531660
1628637399,68615023260101,14214520832,1532592
1628637404,68619120896776,14085566464,1534452
1628637409,68624706062555,14063640576,1536316
1628637415,68629829872300,14172602368,1537244
1628637420,68634103128202,14069215232,1539108
1628637425,68640176556868,14068510720,1540968
1628637430,68644705557601,14139232256,1541900
1628637435,68649423082794,14071832576,1543760
1628637440,68655466862584,14229549056,1544692
1628637446,68659503013319,14112759808,1546552
1628637451,68664766408517,14076366848,1548412
1628637456,68670245690514,14211932160,1549344
1628637461,68674125414151,14081011712,1551208
1628637466,68679973663120,14080794624,1553068
1628637471,68684777936473,14160654336,1554000
1628637477,68689272158426,14083743744,1555860
1628637482,68695411524432,14242902016,1557720
1628637487,68699736109363,14136586240,1558652
1628637492,68704990444535,14088372224,1560512
1628637497,68710643960726,14241820672,1561444
1628637502,68714512751612,14107947008,1563304
1628637508,68720454029804,14093504512,1565168
1628637513,68725455351925,14194311168,1566096
1628637518,68729594070808,14096326656,1567960
1628637523,68735717884328,14255226880,1569820
1628637528,68740193372463,14163501056,1570752
1628637533,68745034868167,14100951040,1572612
1628637539,68750971978685,14256529408,1573544
1628637544,68754882818271,14130339840,1575404
1628637549,68760612952633,14105833472,1577268
1628637554,68765738414961,14216073216,1578196
1628637559,68769931194614,14112346112,1580060
1628637564,68775901177518,14110957568,1581920
1628637570,68780668179724,14183079936,1582852
1628637575,68785302464307,14113603584,1584712
1628637580,68791372573687,14272970752,1586572
1628637585,68795476103366,14164365312,1587504
1628637590,68800603600895,14117867520,1589368
1628637595,68806299677703,14272823296,1590296
1628637601,68810231435420,14143598592,1592160
1628637606,68815993791784,14123356160,1594020
1628637611,68821004227223,14227660800,1594952
1628637616,68825301842820,14126252032,1596812
1628637621,68831444993282,14127816704,1598672
1628637626,68835904739183,14193881088,1599604
1628637632,68840497966655,14127034368,1601464
1628637637,68846648674465,14286077952,1603328
1628637642,68850722542104,14173249536,1604256
1628637647,68855873114831,14131286016,1606120
1628637652,68861845310352,14286036992,1607052
1628637657,68866030996799,14138474496,1608912
1628637663,68871881919096,14138179584,1610772
1628637668,68876722133388,14230052864,1611704
1628637673,68881055884780,14141046784,1613564
1628637678,68887271801100,14300184576,1615428
1628637683,68891554925308,14193139712,1616356
1628637688,68896613179345,14145601536,1618220
1628637694,68902400759905,14298796032,1619148
1628637699,68906351269806,14168473600,1621012
1628637704,68912029945854,14150537216,1622872
1628637709,68917002429637,14255390720,1623804
1628637714,68921276792216,14156644352,1625664
1628637719,68927390790970,14155407360,1627528
1628637724,68932019333305,14231003136,1628456
1628637730,68936540968397,14158381056,1630320
1628637735,68942622989747,14317457408,1632180
1628637740,68946941454540,14221307904,1633112
1628637745,68951762560510,14162620416,1634972
1628637750,68957715577066,14319828992,1635904
1628637755,68961693325589,14202380288,1637764
1628637761,68967179051839,14167629824,1639624
1628637766,68972679075626,14293442560,1640556
1628637771,68976674869231,14173065216,1642416
1628637776,68982514308613,14172364800,1644280
1628637781,68987424756227,14255284224,1645212
1628637787,68991645984077,14175264768,1647072
1628637792,68997644015604,14333091840,1648932
1628637797,69002156762325,14247718912,1649864
1628637802,69006931402983,14179987456,1651724
1628637807,69012928281258,14338850816,1653588
1628637812,69016914252857,14226903040,1654516
1628637817,69022124357682,14184742912,1656380
1628637823,69027764250324,14336786432,1657308
1628637828,69031723781542,14190940160,1659172
1628637833,69037477885476,14190034944,1661032
1628637838,69042385048625,14273540096,1661964
1628637843,69046687515841,14192582656,1663824
1628637848,69052785921455,14352863232,1665688
1628637854,69057270560944,14265307136,1666616
1628637859,69061977515403,14197465088,1668480
1628637864,69068064235779,14356279296,1670340
1628637869,69072230340386,14245593088,1671272
1628637874,69077296195624,14202601472,1673132
1628637879,69082866958331,14355906560,1674064
1628637885,69086733852932,14221467648,1675924
1628637890,69092626190411,14206672896,1677784
1628637895,69097573100576,14290952192,1678716
1628637900,69101890324002,14209826816,1680576
1628637905,69108014881959,14369144832,1682440
1628637910,69112507293650,14282059776,1683372
1628637916,69117157746549,14214246400,1685236
1628637921,69123241271480,14372896768,1687096
1628637926,69127365173950,14263447552,1688028
1628637931,69132561400325,14219436032,1689888
1628637936,69138243699910,14373343232,1690820
1628637941,69142185292478,14245253120,1692680
1628637947,69147842797013,14224347136,1694544
1628637952,69153082196558,14337335296,1695472
1628637957,69157066953761,14228819968,1697336
1628637962,69163052636503,14228971520,1699196
1628637967,69167721894471,14308356096,1700128
1628637972,69172257645472,14231638016,1701988
1628637978,69178353355314,14392254464,1703852
1628637983,69182772994824,14298689536,1704780
1628637988,69187766676395,14236401664,1706644
1628637993,69193535543028,14390026240,1707572
1628637998,69197425310463,14259994624,1709436
1628638003,69203218381944,14241353728,1711296
1628638009,69208245156104,14345740288,1712228
1628638014,69212604290026,14247481344,1714088
1628638019,69218548743685,14246141952,1715948
1628638024,69223305356665,14321041408,1716880
1628638029,69227786487576,14248939520,1718744
1628638034,69233824791472,14408077312,1720604
1628638040,69238270069639,14296223744,1721536
1628638045,69243377244133,14253645824,1723396
1628638050,69249088027481,14408593408,1724328
1628638055,69252929970718,14280024064,1726188
1628638060,69258564973535,14258577408,1728048
1628638065,69263799939743,14369005568,1728980
1628638071,69268090562901,14263975936,1730840
1628638076,69274105819263,14263119872,1732704
1628638081,69278751139525,14338441216,1733632
1628638086,69283321654281,14266093568,1735496
1628638091,69289307220786,14424604672,1737356
1628638096,69293581418527,14332768256,1738288
1628638102,69298350862399,14270607360,1740148
1628638107,69304264638702,14430019584,1741080
1628638112,69308203907020,14309425152,1742940
1628638117,69313644145865,14275936256,1744804
1628638122,69319099142477,14407798784,1745732
1628638127,69323088323327,14280482816,1747596
1628638133,69328917108754,14279987200,1749456
1628638138,69333870721696,14384607232,1750388
1628638143,69338046978681,14283272192,1752248
1628638148,69344034059363,14443073536,1754108
1628638153,69348551924290,14356885504,1755040
1628638158,69353121502659,14287683584,1756904
1628638164,69359167437289,14447816704,1758764
1628638169,69363138674262,14332399616,1759696
1628638174,69368401186498,14292504576,1761556
1628638179,69374005816098,14443352064,1762488
1628638184,69377926094733,14309658624,1764348
1628638189,69383746748029,14297452544,1766208
1628638195,69388746712458,14401585152,1767140
1628638200,69392873428654,14300332032,1769000
1628638205,69399075981570,14460149760,1770864
1628638210,69403512963324,14366175232,1771792
1628638215,69408416974465,14304878592,1773656
1628638220,69414237707881,14461591552,1774588
1628638226,69418181728326,14340550656,1776448
1628638231,69423672813501,14309871616,1778308
1628638236,69429159094024,14444961792,1779240
1628638241,69433175212321,14315704320,1781100
1628638246,69439048069348,14314651648,1782964
1628638251,69444126684377,14420463616,1783892
1628638257,69448327508592,14319210496,1785756
1628638262,69454147476286,14319353856,1787616
1628638267,69458925951547,14400413696,1788548
1628638272,69463417250704,14322446336,1790408
1628638277,69469414800189,14480416768,1792268
1628638282,69473760618627,14391721984,1793200
1628638288,69478584689162,14327259136,1795064
1628638293,69484529410443,14485897216,1796924
1628638298,69488578861221,14367682560,1797856
1628638303,69494025101384,14331863040,1799716
1628638308,69499463555373,14481227776,1800648
1628638313,69503479211267,14337159168,1802508
1628638319,69509351190186,14336495616,1804368
1628638324,69514127193936,14417743872,1805300
1628638329,69518491236294,14339313664,1807160
1628638334,69524495143826,14497595392,1809024
1628638339,69528954763332,14412783616,1809952
1628638344,69533612612745,14344146944,1811816
1628638350,69539623904324,14502273024,1813676
1628638355,69543726943952,14393114624,1814608
1628638360,69548710681106,14348558336,1816468
1628638365,69554427197881,14505037824,1817400
1628638370,69558361619112,14379855872,1819260
1628638375,69564006833264,14353874944,1821124
1628638381,69569139909693,14461849600,1822052
1628638386,69573346580665,14359633920,1823916
1628638391,69579246095119,14358687744,1825776
1628638396,69583884866342,14437978112,1826708
1628638401,69588194735222,14361485312,1828568
1628638406,69594237249009,14520827904,1830432
1628638412,69598674420165,14433591296,1831360
1628638417,69603417246330,14366470144,1833224
1628638422,69609337414633,14522679296,1834152
1628638427,69613251062671,14399262720,1836016
1628638432,69618644045103,14371409920,1837876
1628638437,69624142168520,14496317440,1838808
1628638443,69628124186430,14377619456,1840668
1628638448,69634084934970,14375870464,1842528
1628638453,69638824237016,14454874112,1843460
1628638458,69643268633449,14379028480,1845320
1628638463,69649323317189,14538133504,1847184
1628638468,69653754016613,14439530496,1848112
1628638474,69658551359818,14383738880,1849976
1628638479,69664505413663,14542708736,1851836
1628638484,69668433146520,14425317376,1852768
1628638489,69673834625437,14388445184,1854628
1628638494,69679289992254,14539448320,1855560
1628638499,69683176664347,14394408960,1857420
1628638505,69688985969276,14393380864,1859284
1628638510,69693977815410,14496632832,1860212
1628638515,69698206952240,14399385600,1862076
1628638520,69704279957577,14397849600,1863936
1628638525,69709019539913,14472179712,1864868
1628638530,69713554330733,14400749568,1866728
1628638535,69719467938111,14559911936,1868592
1628638541,69723705540676,14455660544,1869520
1628638546,69728691135995,14405566464,1871384
1628638551,69734665740658,14563303424,1872312
1628638556,69738667984691,14445121536,1874176
1628638561,69744051450896,14410534912,1876036
1628638566,69749646246373,14561583104,1876968
1628638572,69753505029964,14414790656,1878828
1628638577,69759465928918,14415323136,1880688
1628638582,69764456759842,14521585664,1881620
1628638587,69768908460920,14421446656,1883480
1628638592,69774728490969,14420000768,1885344
1628638597,69779349643286,14493937664,1886276
1628638603,69783893528352,14423244800,1888136
1628638608,69789993521032,14582472704,1889996
1628638613,69794394756065,14485209088,1890928
1628638618,69799172451390,14428127232,1892788
1628638623,69805271652113,14586146816,1894652
1628638628,69809348090288,14476288000,1895580
1628638634,69814388961524,14432419840,1897444
1628638639,69820134044396,14588571648,1898372
1628638644,69824169017454,14467072000,1900236
1628638649,69829619321125,14436958208,1902096
1628638654,69835085252394,14588559360,1903028
1628638659,69839050704286,14457864192,1904888
1628638665,69844753052783,14442168320,1906752
1628638670,69849836954428,14549794816,1907680
1628638675,69854034259934,14446833664,1909544
1628638680,69860334756539,14604111872,1911404
1628638685,69864740458033,14497009664,1912336
1628638691,69870107951803,14449487872,1914196
1628638696,69875530320856,14560911360,1915128
1628638701,69879789679153,14452068352,1916988
1628638706,69886246157023,14611509248,1918848
1628638711,69890497506566,14500204544,1919780
1628638716,69895923941204,14457421824,1921640
1628638722,69901330207367,14566780928,1922572
1628638727,69905624594070,14459809792,1924436
1628638732,69911973216771,14619217920,1926296
1628638737,69916104197250,14505373696,1927228
1628638742,69921656163718,14465028096,1929088
1628638747,69926977766236,14576087040,1930020
1628638753,69931181631804,14470418432,1931880
1628638758,69937456112794,14628052992,1933740
1628638763,69941889336979,14524788736,1934672
1628638768,69946948649442,14472884224,1936532
1628638773,69952580695910,14604468224,1937464
1628638778,69956623598888,14478315520,1939324
1628638784,69962703780613,14477520896,1941188
1628638789,69967190304406,14542376960,1942120
1628638794,69972273479886,14480187392,1943980
1628638799,69978040288549,14633783296,1944912
1628638804,69982082860573,14485872640,1946772
1628638809,69988209342806,14485000192,1948632
1628638815,69992945402498,14557949952,1949564
1628638820,69997622639391,14487834624,1951424
1628638825,70003822392944,14646341632,1952356
1628638830,70007733607143,14527520768,1954216
1628638835,70013176690312,14493134848,1956080
1628638840,70018593005171,14612340736,1957008
1628638846,70022684865310,14497742848,1958872
1628638851,70028683656144,14497439744,1960732
1628638856,70033457626144,14579773440,1961664
1628638861,70037847184515,14500573184,1963524
1628638866,70043946623041,14659850240,1965388
1628638871,70048220782677,14563328000,1966316
1628638876,70052972643047,14505172992,1968180
1628638882,70058821733519,14663131136,1969108
1628638887,70062875023070,14546309120,1970972
1628638892,70068322898170,14510178304,1972832
1628638897,70073697105351,14625783808,1973764
1628638902,70077742062105,14515343360,1975624
1628638907,70083626156070,14514487296,1977484
1628638913,70088426407555,14596644864,1978416
1628638918,70092914416261,14517989376,1980280
1628638923,70098958138173,14676025344,1982140
1628638928,70103193242296,14571044864,1983072
1628638933,70108129503602,14522425344,1984932
1628638938,70113917303341,14678364160,1985864
1628638944,70117779291711,14556565504,1987724
1628638949,70123284895775,14527774720,1989584
1628638954,70128644703486,14642253824,1990516
1628638959,70132710752725,14533136384,1992376
1628638964,70138540963096,14533005312,1994240
1628638969,70143455945432,14617899008,1995168
1628638975,70147799388862,14535602176,1997032
1628638980,70153958052582,14694113280,1998892
1628638985,70158337744363,14597169152,1999824
1628638990,70163289810163,14540513280,2001684
1628638995,70169105876931,14694424576,2002616
1628639000,70172945686298,14560190464,2004484
1628639006,70178687632305,14545149952,2006348
1628639011,70183640716643,14646562816,2007276
1628639016,70187882544054,14547828736,2009140
1628639021,70193994905035,14550654976,2011000
1628639026,70198554913075,14620893184,2011932
1628639031,70203292439826,14552973312,2013792
1628639037,70209256798621,14712516608,2015656
1628639042,70213217180584,14596005888,2016584
1628639047,70218455640908,14557360128,2018448
1628639052,70224116177583,14711410688,2019376
1628639057,70227932609731,14582747136,2021240
1628639062,70233650115396,14562299904,2023100
1628639068,70238733837957,14669316096,2024032
1628639073,70243034543113,14567886848,2025892
1628639078,70249024523229,14567178240,2027752
1628639083,70253697103051,14640758784,2028684
1628639088,70258210309656,14569943040,2030544
1628639093,70264205460762,14729154560,2032408
1628639099,70268451851202,14623289344,2033336
1628639104,70273436861494,14574751744,2035200
1628639109,70279153211919,14729527296,2036132
1628639114,70283009090452,14599581696,2037992
1628639119,70288633025432,14579445760,2039852
1628639124,70293891409642,14695829504,2040784
1628639130,70298015604699,14584020992,2042644
1628639135,70304014906266,14584467456,2044508
1628639140,70309163657572,14667169792,2045436
1628639145,70313450906794,14587219968,2047300
1628639150,70319501465408,14746546176,2049160
1628639155,70323978321001,14660382720,2050092
1628639161,70328769383586,14591721472,2051952
1628639166,70334765033102,14749986816,2053816
1628639171,70338782166768,14636625920,2054744
1628639176,70343959938959,14596685824,2056608
1628639181,70349519733756,14750371840,2057536
1628639186,70353450220468,14622023680,2059400
1628639192,70359031475771,14601728000,2061260
1628639197,70364184979153,14717001728,2062192
1628639202,70368278674700,14606987264,2064052
1628639207,70374154150467,14606127104,2065912
1628639212,70378977012587,14687129600,2066844
1628639217,70383358765087,14609108992,2068704
1628639223,70389295733116,14769364992,2070568
1628639228,70393776135307,14682087424,2071500
1628639233,70398476060758,14616383488,2073360
1628639238,70404335500874,14771957760,2074292
1628639243,70408222630333,14653489152,2076152
1628639248,70413822265063,14620942336,2078012
1628639253,70419125856641,14738087936,2078944
1628639259,70423162645797,14626504704,2080804
1628639264,70429622988588,14625988608,2082668
1628639269,70434382357139,14705172480,2083596
1628639274,70438765024699,14628999168,2085460
1628639279,70444833652054,14788251648,2087320
1628639284,70449126683105,14689701888,2088252
1628639290,70453909809538,14633586688,2090112
1628639295,70459779968591,14789648384,2091044
1628639300,70463732467037,14670495744,2092904
1628639305,70469188970239,14638551040,2094768
1628639310,70474507501395,14762934272,2095696
1628639315,70478476530385,14643859456,2097564
1628639321,70484342319029,14643204096,2099436
1628639326,70489190686122,14743506944,2100364
1628639331,70493270985042,14645751808,2102228
1628639336,70499242345839,14647775232,2104088
1628639341,70503889591689,14720569344,2105020
1628639346,70508462241783,14650441728,2106880
1628639352,70514531473722,14811742208,2108740
1628639357,70518828441816,14708211712,2109672
1628639362,70523704672498,14655582208,2111532
1628639367,70529481725039,14812135424,2112464
1628639372,70533434719649,14694907904,2114324
1628639377,70538702274557,14660771840,2116188
1628639383,70544331041149,14811660288,2117120
1628639388,70548291016218,14682697728,2118980
1628639393,70553918412291,14665318400,2120840
1628639398,70559028658936,14773153792,2121772
1628639403,70563225585088,14670704640,2123632
1628639408,70569318469085,14670090240,2125496
1628639414,70573838254447,14739890176,2126424
1628639419,70578613960287,14672904192,2128288
1628639424,70584545892557,14830084096,2129216
1628639429,70588586460735,14709755904,2131080
1628639434,70594084739819,14677901312,2132940
1628639439,70599315527333,14789541888,2133872
1628639445,70603482925884,14682714112,2135732
1628639450,70609333707530,14682570752,2137596
1628639455,70614060631493,14759526400,2138524
1628639460,70618792980527,14685069312,2140388
1628639465,70625028606369,14841823232,2141316
1628639470,70628963012767,14707888128,2143180
1628639476,70634996952061,14689787904,2145040
1628639481,70639892306383,14765707264,2145972
1628639486,70644616318324,14692962304,2147832
1628639491,70650790175023,14851059712,2148764
1628639496,70654643513631,14720638976,2150624
1628639501,70660484497788,14697897984,2152488
1628639507,70665634010477,14782001152,2153416
1628639512,70670006101767,14700888064,2155280
1628639517,70676331724282,14857621504,2156208
1628639522,70680202791982,14729842688,2158072
1628639527,70686022706101,14705422336,2159932
1628639532,70691135306430,14808293376,2160864
1628639538,70695640806989,14708289536,2162724
1628639543,70702004921962,14867279872,2164584
1628639548,70706032364652,14748065792,2165516
1628639553,70711666356752,14713016320,2167376
1628639558,70716800899726,14815739904,2168308
1628639564,70721303863361,14715863040,2170168
1628639569,70727608190383,14875447296,2172032
1628639574,70731678926856,14760566784,2172964
1628639579,70737006737361,14720692224,2174824
1628639584,70742302441655,14826909696,2175756
1628639589,70746609034701,14723575808,2177616
1628639595,70752855008817,14884528128,2179476
1628639600,70757124870845,14771761152,2180408
1628639605,70762351730905,14728318976,2182268
1628639610,70767883680005,14848659456,2183200
1628639615,70772028506073,14734057472,2185060
1628639620,70778254471036,14891634688,2186924
1628639626,70782621298630,14785507328,2187852
1628639631,70787820596579,14736424960,2189716
1628639636,70793461487999,14885961728,2190648
1628639641,70797447996666,14741872640,2192508
1628639646,70803481606587,14740852736,2194368
1628639651,70808319584801,13739393024,1147256
1628639657,70813094773049,13668663296,1149116
1628639662,70819265356620,13824897024,1150048
1628639667,70823226744903,13693952000,1151908
1628639672,70829033092171,13673197568,1153772
1628639677,70834035329964,13757943808,1154700
1628639682,70838464866710,13676613632,1156564
1628639688,70844745185500,13836349440,1158424
1628639693,70849141735386,13713985536,1159356
1628639698,70854779646076,13680500736,1161216
1628639703,70859964663302,13784748032,1162148
1628639708,70864238518802,13683646464,1164008
1628639713,70870605564977,13842931712,1165872
1628639719,70874776984725,13731295232,1166800
1628639724,70880096533648,13688295424,1168664
1628639729,70885563420912,13801517056,1169592
1628639734,70889695855007,13694660608,1171456
1628639739,70895882671331,13850472448,1173316
1628639745,70900346507679,13752307712,1174248
1628639750,70905226111376,13695578112,1176108
1628639755,70911011931993,13847412736,1177040
1628639760,70914936319989,13701242880,1178900
1628639765,70921229124045,13700780032,1180764
1628639770,70925796905609,13768945664,1181692
1628639776,70930530255344,13703716864,1183556
1628639781,70936420198473,13859491840,1184484
1628639786,70940439015820,13729738752,1186348
1628639791,70946316578304,13708300288,1188208
1628639796,70951395706187,13801308160,1189140
1628639801,70955731565550,13711405056,1191000
1628639807,70961958876963,13870567424,1192860
1628639812,70965986699593,13754855424,1193792
1628639817,70971424161352,13716492288,1195652
1628639822,70976953238710,13832065024,1196584
1628639827,70981047323845,13722300416,1198448
1628639832,70987330609115,13879451648,1200308
1628639838,70991849813627,13790072832,1201240
1628639843,70996717613841,13723799552,1203100
1628639848,71002478952879,13875081216,1204032
1628639853,71006451418819,13728813056,1205892
1628639858,71012451528049,13728616448,1207752
1628639863,71017278811588,13802917888,1208684
1628639869,71022080055848,13731569664,1210544
1628639874,71028057730097,13885972480,1211476
1628639879,71031903895202,13750726656,1213336
1628639884,71037659058446,13736394752,1215200
1628639889,71042724334817,13820223488,1216132
1628639894,71047166638239,13739122688,1217992
1628639900,71053544708570,13899112448,1219852
1628639905,71057533967537,13779361792,1220784
1628639910,71062971590701,13743751168,1222644
1628639915,71068369643991,13857038336,1223576
1628639920,71072529915209,13748731904,1225436
1628639925,71078572540040,13748588544,1227300
1628639931,71083204195315,13820170240,1228228
1628639936,71088094325098,13751414784,1230092
1628639941,71094019072533,13908176896,1231020
1628639946,71097842645395,13774159872,1232884
1628639951,71103607944631,13756182528,1234744
1628639956,71108545501063,13846458368,1235676
1628639962,71113021022185,13759434752,1237536
1628639967,71119127550150,13917085696,1239400
1628639972,71123431877079,13805740032,1240328
1628639977,71128575164851,13763850240,1242192
1628639982,71134296946212,13917560832,1243120
1628639987,71138260628058,13769576448,1244984
1628639993,71144191236780,13768376320,1246844
1628639998,71149065085474,13849190400,1247776
1628640003,71153520477562,13771517952,1249636
1628640008,71159798154131,13928136704,1250568
1628640013,71163691946071,13796089856,1252428
1628640018,71169579797938,13775949824,1254292
1628640024,71174591936444,13860663296,1255220
1628640029,71179051031954,13779116032,1257084
1628640034,71185222667509,13940006912,1258944
1628640039,71189428563446,13824974848,1259876
1628640044,71194835864721,13784285184,1261736
1628640049,71200204675867,13895811072,1262668
1628640055,71204355028049,13789011968,1264528
1628640060,71210658758721,13945798656,1266388
1628640065,71215231140175,13854253056,1267320
1628640070,71220318687517,13791526912,1269180
1628640075,71226017070906,13916684288,1270112
1628640080,71230118408001,13797040128,1271976
1628640086,71236225730757,13954211840,1273836
1628640091,71240770263979,13862998016,1274768
1628640096,71245794885424,13798977536,1276628
1628640101,71251730497392,13954404352,1277560
1628640106,71255696486209,13809999872,1279420
1628640111,71261625030275,13804421120,1281280
1628640117,71266585025484,13888778240,1282212
1628640122,71270939595704,13806800896,1284072
1628640127,71277046439657,13965131776,1285936
1628640132,71281351374353,13863399424,1286864
1628640137,71286318307618,13811716096,1288728
1628640142,71292115290290,13966512128,1289656
1628640148,71295991109427,13833728000,1291520
1628640153,71301812314631,13816463360,1293380
1628640158,71306903763905,13917184000,1294312
1628640163,71311325495531,13819363328,1296172
1628640168,71317594915170,13978656768,1298036
1628640173,71321925124142,13868474368,1298964
1628640179,71327042585733,13824032768,1300828
1628640184,71332824525767,13975109632,1301756
1628640189,71336868656479,13828980736,1303620
1628640194,71342741308818,13828685824,1305480
1628640199,71347715446150,13912764416,1306412
1628640204,71351973431650,13831675904,1308272
1628640210,71358061923703,13989539840,1310136
1628640215,71362397273448,13900111872,1311064
1628640220,71367247609005,13837643776,1312928
1628640225,71373259806957,13995925504,1313856
1628640230,71377324881739,13880557568,1315720
1628640235,71382610344946,13843419136,1317580
1628640241,71388244393521,13999161344,1318512
1628640246,71392269512327,13864632320,1320372
1628640251,71398351567338,13850988544,1322232
1628640256,71403389778919,13952823296,1323164
1628640261,71407694649240,13854052352,1325024
1628640266,71413840423197,14013231104,1326888
1628640272,71418389668282,13922467840,1327820
1628640277,71423402431547,13858562048,1329680
1628640282,71429245578973,14012346368,1330612
1628640287,71433127896176,13864632320,1332472
1628640292,71439018048442,13863895040,1334332
1628640297,71443852344507,13939167232,1335264
1628640303,71448515455288,13866758144,1337124
1628640308,71454563142569,14022488064,1338056
1628640313,71458585749413,13894901760,1339916
1628640318,71464519994572,13871030272,1341780
1628640323,71469528579758,13955248128,1342708
1628640328,71473988399265,13874462720,1344572
1628640334,71480106198477,14034636800,1346432
1628640339,71484213379784,13917433856,1347364
1628640344,71489563146395,13879279616,1349224
1628640349,71494850819562,13992001536,1350156
1628640354,71499023623769,13884792832,1352016
1628640360,71505140912824,14040883200,1353880
1628640365,71509581238778,13940195328,1354808
1628640370,71514579575646,13886423040,1356672
1628640375,71520359708856,14039486464,1357600
1628640380,71524288996419,13891645440,1359464
1628640385,71530249845705,13891338240,1361324
1628640391,71534936245116,13964251136,1362256
1628640396,71539625783092,13893984256,1364116
1628640401,71545617609321,14051586048,1365048
1628640406,71549664310301,13925048320,1366908
1628640411,71555430248489,13898907648,1368776
1628640416,71560589685154,14003376128,1369704
1628640422,71564873067328,13901295616,1371568
1628640427,71571027276393,14061174784,1373428
1628640432,71575336786933,13951291392,1374360
1628640437,71580505280684,13906620416,1376220
1628640442,71586032385834,14026268672,1377152
1628640447,71590109454557,13911449600,1379012
1628640453,71596272978894,14070575104,1380872
1628640458,71600760999204,13977268224,1381804
1628640463,71605743614622,13914316800,1383668
1628640468,71611541216749,14067003392,1384596
1628640473,71615410192283,13919526912,1386460
1628640478,71621416640720,13919092736,1388320
1628640484,71626146059102,13993111552,1389252
1628640489,71630835457933,13921861632,1391112
1628640494,71636837485505,14078193664,1392044
1628640499,71640809068831,13955194880,1393904
1628640504,71646403455918,13926567936,1395764
1628640509,71651553618413,14023729152,1396696
1628640515,71655786543770,13929603072,1398556
1628640520,71662009732627,14088994816,1400420
1628640525,71666187780660,13977776128,1401348
1628640530,71671240638495,13934276608,1403212
1628640535,71676759392854,14059274240,1404144
1628640540,71680786327620,13939691520,1406004
1628640546,71686881765597,14095769600,1407864
1628640551,71691428018669,14005059584,1408796
1628640556,71696349762912,13941891072,1410656
1628640561,71702202220884,14096691200,1411588
1628640566,71706172225115,13965279232,1413448
1628640571,71711995450930,13946630144,1415312
1628640577,71716942435327,14029725696,1416240
1628640582,71721392472702,13950001152,1418104
1628640587,71727617570992,14109970432,1419964
1628640592,71731763166039,13995823104,1420896
1628640597,71737095024240,13954666496,1422756
1628640602,71742472834531,14066151424,1423688
1628640608,71746592317903,13959516160,1425548
1628640613,71752704034429,14116917248,1427412
1628640618,71757212888358,14020411392,1428340
1628640623,71762076362447,13962301440,1430204
1628640628,71767873418817,14117670912,1431132
1628640633,71771765683518,13988601856,1432996
1628640639,71777472785424,13966749696,1434856
1628640644,71782451726947,14068207616,1435788
1628640649,71786794538840,13969686528,1437648
1628640654,71793016370416,14128582656,1439512
1628640659,71797279132394,14023065600,1440440
1628640664,71802469813383,13974900736,1442304
1628640670,71808135158011,14125531136,1443232
1628640675,71812191482035,13991698432,1445096
1628640680,71817974583655,13979058176,1446956
1628640685,71822904344829,14063820800,1447888
1628640690,71827264383346,13982040064,1449748
1628640695,71833366364490,14140006400,1451608
1628640701,71837890432189,14055194624,1452540
1628640706,71842628202606,13986750464,1454400
1628640711,71848724595797,14147018752,1456264
1628640716,71852860020754,14037020672,1457192
1628640721,71857959798793,13993689088,1459056
1628640726,71863781505840,14148243456,1459988
1628640732,71867754862736,14009266176,1461848
1628640737,71873694327529,13999042560,1463712
1628640742,71878596773713,14084059136,1464644
1628640747,71883232221326,14004584448,1466504
1628640752,71889508504211,14163582976,1468368
1628640757,71893365895677,14041481216,1469296
1628640763,71899034662013,14010634240,1471160
1628640768,71904171905870,14115426304,1472088
1628640773,71908342369750,14013259776,1473952
1628640778,71914523768382,14172909568,1475812
1628640783,71918658299930,14060703744,1476744
1628640788,71923827706532,14018121728,1478604
1628640794,71929379195516,14143897600,1479536
1628640799,71933378941611,14023274496,1481396
1628640804,71939697514322,14022889472,1483260
1628640809,71944409502241,14095249408,1484188
1628640814,71949076721688,14025773056,1486052
1628640819,71955153936902,14182948864,1486980
1628640825,71959149842299,14060220416,1488844
1628640830,71964744598004,14030434304,1490704
1628640835,71969830240222,14137384960,1491636
1628640840,71974088791952,14035804160,1493496
1628640845,71980238019415,14035251200,1495360
1628640851,71984742292479,14103404544,1496288
1628640856,71989557106990,14037811200,1498152
1628640861,71995504771513,14194515968,1499080
1628640866,71999469616194,14068416512,1500944
1628640871,72005192901567,14042894336,1502804
1628640876,72010153941950,14141341696,1503736
1628640882,72014477061462,14045573120,1505596
1628640887,72020665267850,14205558784,1507456
1628640892,72024929969427,14095433728,1508388
1628640897,72030034047812,14050799616,1510248
1628640902,72035691521176,14204030976,1511180
1628640907,72039619170674,14055993344,1513040
1628640913,72045639996158,14055501824,1514904
1628640918,72050533524523,14135951360,1515836
1628640923,72054938003290,14058131456,1517696
1628640928,72061221006719,14217416704,1519556
1628640933,72065252760280,14103465984,1520488
1628640938,72070545819525,14063616000,1522348
1628640944,72075943472188,14176710656,1523280
1628640949,72080133878047,14068510720,1525140
1628640954,72086160037225,14067695616,1527008
1628640959,72090866217031,14141108224,1527936
1628640964,72095539796896,14070599680,1529800
1628640969,72101727764025,14228770816,1531660
1628640975,72105652340310,14112751616,1532592
1628640980,72111042132777,14075248640,1534452
1628640985,72116556321193,14200152064,1535384
1628640990,72120474790526,14080860160,1537244
1628640995,72126402672888,14080004096,1539108
1628641000,72131085677740,14153207808,1540036
1628641006,72135746599001,14082830336,1541900
1628641011,72141779753596,14242054144,1543760
1628641016,72145878861822,14129651712,1544692
1628641021,72151222942627,14087827456,1546552
1628641026,72156830410339,14241210368,1547484
1628641031,72160859147222,14093881344,1549344
1628641037,72166856883472,14092939264,1551208
1628641042,72171599701383,14167904256,1552136
1628641047,72176210455526,14095441920,1554000
1628641052,72182458878057,14256037888,1555860
1628641057,72186468222841,14141214720,1556792
1628641062,72191768793257,14100074496,1558652
1628641068,72197254337747,14244855808,1559584
1628641073,72201172186154,14105833472,1561444
1628641078,72207053181717,14105264128,1563304
1628641083,72211785754422,14186340352,1564236
1628641088,72216233724716,14107578368,1566096
1628641093,72222312550921,14267330560,1567960
1628641099,72226299114354,14151168000,1568888
1628641104,72231668853004,14112403456,1570752
1628641109,72237181091402,14238662656,1571684
1628641114,72241208278636,14118309888,1573544
1628641119,72247194606336,14117605376,1575404
1628641124,72251984255328,14193623040,1576336
1628641130,72256541619460,14121385984,1578196
1628641135,72262710300442,14281478144,1580060
1628641140,72266915376662,14173241344,1580988
1628641145,72272008528720,14127587328,1582852
1628641150,72277789674154,14281158656,1583780
1628641155,72281739438340,14150000640,1585644
1628641161,72287582085961,14133198848,1587504
1628641166,72292587141531,14234841088,1588436
1628641171,72296932604218,14136340480,1590296
1628641176,72303058889601,14295650304,1592160
1628641181,72307503951257,14210359296,1593088
1628641186,72312333704912,14147481600,1594952
1628641192,72318192216775,14302597120,1595880
1628641197,72322177461987,14179860480,1597744
1628641202,72327842385195,14152134656,1599604
1628641207,72332935722647,14256021504,1600536
1628641212,72337298270643,14155653120,1602396
1628641217,72343454290702,14314799104,1604256
1628641222,72347864746860,14222688256,1605188
1628641228,72352680253227,14160056320,1607052
1628641233,72358662432312,14316445696,1607980
1628641238,72362599478541,14192480256,1609844
1628641243,72368134278630,14164619264,1611704
1628641248,72373314964064,14272602112,1612636
1628641253,72377554535970,14170533888,1614496
1628641259,72383555952561,14169473024,1616356
1628641264,72388168093364,14244278272,1617288
1628641269,72392742321327,14172561408,1619148
1628641274,72398862309387,14332645376,1621012
1628641279,72402911811470,14219104256,1621940
1628641284,72408121493515,14177222656,1623804
1628641290,72413743238057,14317834240,1624732
1628641295,72417717387147,14182264832,1626596
1628641300,72423533902141,14181924864,1628456
1628641305,72428433112402,14266544128,1629388
1628641310,72432836313919,14184800256,1631248
1628641315,72438891038580,14343835648,1633112
1628641321,72443289664731,14250209280,1634040
1628641326,72448241121086,14189428736,1635904
1628641331,72454122355804,14346092544,1636832
1628641336,72458050303103,14217588736,1638696
1628641341,72463695811122,14194049024,1640556
1628641346,72468868444572,14300393472,1641488
1628641352,72472994070553,14197211136,1643348
1628641357,72479350824971,14355763200,1645212
1628641362,72483718738757,14257745920,1646140
1628641367,72488551259957,14202093568,1648004
1628641372,72494456715921,14358192128,1648932
1628641377,72498414832334,14236946432,1650796
1628641383,72503892301927,14207045632,1652656
1628641388,72509026372579,14314852352,1653588
1628641393,72513166901858,14212673536,1655448
1628641398,72519257139105,14212313088,1657308
1628641403,72523862327147,14282989568,1658240
1628641408,72528631100270,14214651904,1660100
1628641414,72534662350178,14374563840,1661964
1628641419,72538587707209,14257704960,1662896
1628641424,72543953528009,14219354112,1664756
1628641429,72549382807277,14345449472,1665688
1628641434,72553361126805,14225063936,1667548
1628641439,72559329161486,14224199680,1669408
1628641444,72564147114667,14304010240,1670340
1628641450,72568689601573,14226939904,1672200
1628641455,72574793354510,14387175424,1674064
1628641460,72579022815082,14275624960,1674992
1628641465,72584044229604,14231900160,1676856
1628641470,72589698680069,14385516544,1677784
1628641475,72593640089239,14249959424,1679648
1628641481,72599520621197,14236532736,1681508
1628641486,72604552580452,14341189632,1682440
1628641491,72608847484401,14242058240,1684300
1628641496,72614868673133,14241042432,1686168
1628641501,72619479698800,14313922560,1687096
1628641507,72624072666532,14244384768,1688960
1628641512,72630187098272,14403592192,1690820
1628641517,72634220187857,14290739200,1691752
1628641522,72639425677444,14248681472,1693612
1628641527,72645031328119,14399258624,1694544
1628641532,72648902658606,14254276608,1696404
1628641538,72654699900928,14253596672,1698264
1628641543,72659591687951,14353731584,1699196
1628641548,72663892312503,14256689152,1701060
1628641553,72670102012580,14415912960,1702920
1628641558,72674607095794,14324535296,1703852
1628641563,72679543668359,14261075968,1705712
1628641568,72685416392715,14418255872,1706644
1628641574,72689331485853,14298492928,1708504
1628641579,72694732435511,14266257408,1710364
1628641584,72700221884450,14416867328,1711296
1628641589,72704028675791,14271770624,1713156
1628641594,72709903427402,14271004672,1715020
1628641599,72714870335892,14355533824,1715948
1628641605,72719147474481,14273785856,1717812
1628641610,72725303588283,14434394112,1719672
1628641615,72729779241409,14346997760,1720604
1628641620,72734572657442,14278422528,1722464
1628641625,72740707366086,14437474304,1724328
1628641630,72744660280180,14323744768,1725256
1628641636,72749835701042,14283415552,1727120
1628641641,72755505337143,14436372480,1728048
1628641646,72759411531117,14310354944,1729912
1628641651,72765013220594,14288056320,1731772
1628641656,72770245715125,14403260416,1732704
1628641661,72774325823973,14293438464,1734564
1628641667,72780179447467,14293655552,1736424
1628641672,72785044973400,14379003904,1737356
1628641677,72789273498983,14296522752,1739220
1628641682,72795418716458,14456889344,1741080
1628641687,72799783073929,14357520384,1742012
1628641692,72804640321696,14301466624,1743872
1628641698,72810571734316,14458617856,1744804
1628641703,72814565520391,14340861952,1746664
1628641708,72820039946827,14306394112,1748524
1628641713,72825436556803,14424465408,1749456
1628641718,72829414718771,14311686144,1751316
1628641723,72835160303517,14314553344,1753180
1628641729,72840036824677,14399737856,1754108
1628641734,72844290955798,14318141440,1755972
1628641739,72850376458042,14477062144,1757832
1628641744,72854835055335,14381252608,1758764
1628641749,72859647580576,14323011584,1760624
1628641754,72865583104948,14482300928,1762488
1628641760,72869509085306,14365921280,1763416
1628641765,72874874638021,14327717888,1765280
1628641770,72880461701921,14480424960,1766208
1628641775,72884362560653,14346096640,1768072
1628641780,72890126173709,14332481536,1769932
1628641785,72895236223281,14438977536,1770864
1628641790,72899517652210,14337302528,1772724
1628641796,72905534074116,14337081344,1774588
1628641801,72910181843546,14412382208,1775516
1628641806,72914880360406,14340132864,1777380
1628641811,72921030941419,14499168256,1779240
1628641816,72924883463443,14383194112,1780172
1628641821,72930083321466,14344794112,1782032
1628641827,72935826776171,14496464896,1782964
1628641832,72939692255381,14362853376,1784824
1628641837,72945464971747,14349635584,1786684
1628641842,72950548133276,14453481472,1787616
1628641847,72954750873112,14352244736,1789476
1628641852,72960777809953,14512254976,1791340
1628641858,72965171521390,14418935808,1792268
1628641863,72970085137339,14357389312,1794132
1628641868,72976095190900,14515539968,1795064
1628641873,72980020079627,14397202432,1796924
1628641878,72985357204887,14362345472,1798784
1628641883,72990910102488,14516240384,1799716
1628641889,72994847827885,14381465600,1801576
1628641894,73000467925971,14366941184,1803440
1628641899,73005527990106,14474743808,1804368
1628641904,73009629309824,14372200448,1806232
1628641909,73015853188170,14371205120,1808092
1628641914,73020580296473,14451757056,1809024
1628641920,73025091213110,14374744064,1810884
1628641925,73031172112565,14534148096,1812748
1628641930,73035447995679,14438260736,1813676
1628641935,73040185126987,14379413504,1815540
1628641940,73046314654017,14538715136,1817400
1628641945,73050323840185,14426767360,1818332
1628641951,73055476228625,14383583232,1820192
1628641956,73061188203937,14539128832,1821124
1628641961,73065052004192,14415126528,1822984
1628641966,73070576389001,14388883456,1824844
1628641971,73076017783918,14511714304,1825776
1628641976,73079990872994,14394576896,1827636
1628641982,73085818314143,14393556992,1829500
1628641987,73090818752223,14495145984,1830432
1628641992,73095078711549,14396420096,1832292
1628641997,73101101090700,14398885888,1834152
1628642002,73105648803696,14469615616,1835084
1628642007,73110245840805,14400778240,1836944
1628642013,73116275298176,14561001472,1838808
1628642018,73120526443566,14451486720,1839736
1628642023,73125568150404,14405926912,1841600
1628642028,73131306864188,14560968704,1842528
1628642033,73135316037083,14437339136,1844392
1628642038,73140882952898,14410526720,1846252
1628642044,73146214080705,14525808640,1847184
1628642049,73150253216697,14416240640,1849044
1628642054,73156120107974,14415417344,1850908
1628642059,73160900510278,14498271232,1851836
1628642064,73165131107922,14418575360,1853700
1628642069,73171249250545,14577471488,1855560
1628642075,73175791554054,14490501120,1856492
1628642080,73180421783772,14422970368,1858352
1628642085,73186347438221,14582562816,1860212
1628642090,73190364765454,14469468160,1861144
1628642095,73195378932361,14428233728,1863004
1628642100,73201163978564,14580260864,1863936
1628642105,73205032661514,14444843008,1865796
1628642111,73210689605391,14432595968,1867660
1628642116,73215696149519,14535876608,1868592
1628642121,73219996846526,14437990400,1870452
1628642126,73225886049724,14437851136,1872312
1628642131,73230646469277,14517374976,1873244
1628642137,73235024098034,14440394752,1875104
1628642142,73241170737133,14600404992,1876968
1628642147,73245603397013,14504480768,1877896
1628642152,73250376405259,14445309952,1879760
1628642157,73256256650143,14605783040,1881620
1628642162,73260109238616,14486040576,1882552
1628642168,73265498253290,14449844224,1884412
1628642173,73271105810619,14601617408,1885344
1628642178,73275027153578,14461300736,1887204
1628642183,73280658833040,14454431744,1889068
1628642188,73285773907807,14565507072,1889996
1628642193,73289866370613,14460387328,1891860
1628642199,73295851260835,14459232256,1893720
1628642204,73300501360972,14539157504,1894652
1628642209,73305014585952,14462140416,1896512
1628642214,73311031165987,14621356032,1898372
1628642219,73315524733452,14535782400,1899304
1628642224,73320199825890,14467178496,1901164
1628642229,73326269287105,14627799040,1903028
1628642235,73330335162268,14516363264,1903956
1628642240,73335327360463,14471651328,1905820
1628642245,73341075834310,14628831232,1906752
1628642250,73345030515177,14505627648,1908612
1628642255,73350620377597,14477082624,1910472
1628642260,73355964055783,14593495040,1911404
1628642266,73360146271297,14481678336,1913264
1628642271,73366015317230,14482030592,1915128
1628642276,73370851519931,14570192896,1916056
1628642281,73375082065538,14484963328,1917920
1628642286,73381205204063,14644318208,1919780
1628642291,73385773348168,14558298112,1920712
1628642297,73390516628363,14489636864,1922572
1628642302,73396443187716,14647418880,1924436
1628642307,73400394255992,14534725632,1925364
1628642312,73405617047670,14494560256,1927228
1628642317,73411380628813,14648688640,1928156
1628642322,73415319172950,14520545280,1930020
1628642328,73421004273824,14499409920,1931880
1628642333,73426330893022,14607151104,1932812
1628642338,73430777923558,14509219840,1934672
1628642343,73437135308631,14667542528,1936532
1628642348,73441115909566,14548881408,1937464
1628642353,73446683767940,14514184192,1939324
1628642359,73451959515279,14622474240,1940256
1628642364,73456219429877,14519513088,1942120
1628642369,73462449612300,14677102592,1943980
1628642374,73466950901139,14583455744,1944912
1628642379,73471903022716,14521647104,1946772
1628642384,73477785119078,14674964480,1947704
1628642390,73481755856395,14528176128,1949564
1628642395,73487811181563,14526373888,1951424
1628642400,73492626763267,14600544256,1952356
1628642405,73497276577992,14529179648,1954216
1628642410,73503306967767,14686957568,1956080
1628642415,73507143690895,14569193472,1957008
1628642421,73512566982516,14534066176,1958872
1628642426,73518121510644,14666625024,1959800
1628642431,73522024790117,14539571200,1961664
1628642436,73527701145178,14538960896,1963524
1628642441,73532615942857,14640259072,1964456
1628642446,73536808455877,14541664256,1966316
1628642452,73542855818177,14581895168,1968180
1628642457,73547685532730,14615912448,1969108
1628642462,73552298475204,14546149376,1970972
1628642467,73558367322762,14706614272,1972832
1628642472,73562528719788,14595043328,1973764
1628642477,73567659707124,14551289856,1975624
1628642483,73573300742041,14705221632,1976556
1628642488,73577176329834,14573707264,1978416
1628642493,73582758879308,14556086272,1980280
1628642498,73587866127607,14667980800,1981208
1628642503,73592018556991,14562394112,1983072
1628642508,73597913349694,14560784384,1984932
1628642514,73602813466021,14642659328,1985864
1628642519,73607172569624,14563938304,1987724
1628642524,73613290747539,14724038656,1989584
1628642529,73617621557851,14624600064,1990516
1628642534,73622565659961,14568443904,1992376
1628642539,73628345950026,14725238784,1993308
1628642545,73632288746683,14598545408,1995168
1628642550,73637839315574,14573158400,1997032
1628642555,73643099040532,14687559680,1997964
1628642560,73647143813805,14578905088,1999824
1628642565,73652983163609,14577885184,2001684
1628642570,73657897451800,14680784896,2002616
1628642576,73662153742591,14581182464,2004484
1628642581,73668153031515,14740398080,2006348
1628642586,73672735286942,14654005248,2007276
1628642591,73677348968275,14585700352,2009140
1628642596,73683474897983,14745391104,2011000
1628642601,73687642776682,14635778048,2011932
1628642607,73692619328651,14590341120,2013792
1628642612,73698435289538,14746386432,2014724
1628642617,73702479710002,14622625792,2016584
1628642622,73708019088807,14595416064,2018448
1628642627,73713187363750,14708604928,2019376
1628642632,73717320313608,14600552448,2021240
1628642637,73723322330553,14600126464,2023100
1628642643,73728037527136,14674632704,2024032
1628642648,73732700807697,14604656640,2025892
1628642653,73738743809666,14763601920,2027752
1628642658,73742996778585,14655209472,2028684
1628642663,73747973331010,14614630400,2030544
1628642668,73753809979593,14772826112,2031476
1628642674,73757788924084,14651269120,2033336
1628642679,73763245592207,14621548544,2035200
1628642684,73768594724823,14742687744,2036132
1628642689,73772565522339,14626766848,2037992
1628642694,73778406260488,14626168832,2039852
1628642699,73783371467325,14710521856,2040784
1628642705,73787637052750,14629117952,2042644
1628642710,73793694729649,14788202496,2044508
1628642715,73798172209711,14700142592,2045436
1628642720,73802929806402,14634004480,2047300
1628642725,73808916680552,14793908224,2049160
1628642730,73812770508610,14675804160,2050092
1628642736,73818050267686,14638690304,2051952
1628642741,73823677283978,14791581696,2052884
1628642746,73827756609612,14643818496,2054744
1628642751,73833531336344,14643617792,2056608
1628642756,73838530372154,14746853376,2057536
1628642761,73842829711709,14648356864,2059400
1628642767,73848719512414,14648401920,2061260
1628642772,73853375658558,14722576384,2062192
1628642777,73857927000714,14651097088,2064052
1628642782,73863984126474,14809149440,2065912
1628642787,73868091287873,14698868736,2066844
1628642792,73873249968940,14655885312,2068704
1628642798,73879077925324,14811664384,2069636
1628642803,73883090270986,14682451968,2071500
1628642808,73888641037488,14660681728,2073360
1628642813,73893800455741,14768885760,2074292
1628642818,73897947557532,14666080256,2076152
1628642823,73904259515588,14823608320,2078012
1628642828,73908549825563,14712229888,2078944
1628642834,73913887661568,14668369920,2080804
1628642839,73919427717554,14781276160,2081736
1628642844,73923669762630,14673309696,2083596
1628642849,73929858824855,14831054848,2085460
1628642854,73934387166597,14732611584,2086388
1628642860,73939519104947,14675881984,2088252
1628642865,73945209551187,14811021312,2089180
1628642870,73949205629404,14681518080,2091044
1628642875,73955532796133,14838480896,2092904
1628642880,73960046941969,14732537856,2093836
1628642885,73965272693717,14683697152,2095696
1628642891,73970758843834,14793404416,2096628
1628642896,73975005202177,14689034240,2098504
1628642901,73981101401662,14689271808,2100364
1628642906,73985739069023,14759276544,2101296
1628642911,73990625370457,14691467264,2103156
1628642916,73996661732291,14850355200,2105020
1628642922,74000606975449,14735704064,2105948
1628642927,74005985136311,14696099840,2107812
1628642932,74011579968265,14848053248,2108740
1628642937,74015486362068,14717476864,2110604
1628642942,74021418310377,14700867584,2112464
1628642947,74026408103729,14801235968,2113396
1628642953,74030654045285,14703546368,2115256
1628642958,74036766103713,14862831616,2117120
1628642963,74041153016174,14761967616,2118048
1628642968,74046036516927,14708285440,2119912
1628642973,74051841925939,14864334848,2120840
1628642978,74055739348807,14742904832,2122704
1628642984,74061265918506,14713208832,2124564
1628642989,74066471600102,14825865216,2125496
1628642994,74070662450036,14718631936,2127356
1628642999,74076623948224,14718296064,2129216
1628643004,74081421594369,14790189056,2130148
1628643009,74086324021405,14720905216,2132008
1628643015,74092534711491,14878937088,2132940
1628643020,74096435656636,14748606464,2134804
1628643025,74102457289780,14726168576,2136664
1628643030,74107385894214,14798737408,2137596
1628643035,74112101109592,14728650752,2139456
1628643040,74118086366125,14884847616,2140388
1628643046,74122050936422,14767349760,2142248
1628643051,74127626933670,14733455360,2144108
1628643056,74133015808373,14850990080,2145040
1628643061,74137096853929,14737891328,2146900
1628643066,74142957138114,14738116608,2148764
1628643071,74147822143632,14822707200,2149692
1628643077,74152164212885,14740934656,2151556
1628643082,74158260229956,14901096448,2153416
1628643087,74162779071733,14811459584,2154348
1628643092,74167532738580,14745632768,2156208
1628643097,74173572114856,14905794560,2158072
1628643102,74177572257066,14790979584,2159000
1628643108,74182781014141,14750101504,2160864
1628643113,74188528216978,14903844864,2161792
1628643118,74192446353499,14759256064,2163656
1628643123,74198294516455,14755430400,2165516
1628643128,74203316018872,14852796416,2166448
1628643133,74207643671085,14758465536,2168308
1628643139,74213682509683,14917914624,2170168
1628643144,74218215592979,14831353856,2171100
1628643149,74222916938903,14763261952,2172964
1628643154,74228999775735,14921457664,2174824
1628643159,74233092392193,14812938240,2175756
1628643164,74238140567999,14768287744,2177616
1628643170,74243904327701,14922625024,2178548
1628643175,74247789977425,14792802304,2180408
1628643180,74253343593903,14772740096,2182268
1628643185,74258448685051,14877990912,2183200
1628643190,74262751617379,14778150912,2185060
1628643195,74268825035042,14777102336,2186924
1628643201,74273343067855,14848536576,2187852
1628643206,74278009671160,14780518400,2189716
1628643211,74284202850989,14939987968,2191576
1628643216,74288225634432,14826565632,2192508
1628643221,74293609943102,14785994752,2194368
1628643226,74299250350334,14937948160,2195300
1628643232,74303213454979,14802993152,2197160
1628643237,74308975024652,14790307840,2199024
1628643242,74313998260537,14894931968,2199952
1628643247,74318237416950,14796083200,2201816
1628643252,74324340912032,13720416256,1155632
1628643257,74329059749679,13800407040,1156564
1628643263,74333499219081,13723922432,1158424
1628643268,74339542568049,13884178432,1160288
1628643273,74343955540197,13795336192,1161216
1628643278,74348585316582,13728677888,1163080
1628643283,74354560424990,13887655936,1164940
1628643288,74358774003219,13782446080,1165872
1628643293,74363612823218,13733187584,1167732
1628643299,74369430959712,13889929216,1168664
1628643304,74373400152198,13771689984,1170524
1628643309,74378832153301,13737525248,1172384
1628643314,74384405623535,13890973696,1173316
1628643319,74388344225462,13743792128,1175176
1628643324,74394171865284,13742608384,1177040
1628643330,74399125516989,13846298624,1177968
1628643335,74403263655250,13745364992,1179832
1628643340,74409304026025,13747433472,1181692
1628643345,74413831058586,13818552320,1182624
1628643350,74418404549911,13750296576,1184484
1628643355,74424554965856,13910466560,1186348
1628643361,74428610668912,13798572032,1187276
1628643366,74433767538870,13755297792,1189140
1628643371,74439640374689,13910351872,1190068
1628643376,74443617227919,13788569600,1191932
1628643381,74449147733961,13759430656,1193792
1628643386,74454316250230,13869891584,1194724
1628643392,74458461883871,13765697536,1196584
1628643397,74464365277427,13764411392,1198448
1628643402,74469142784992,13842903040,1199376
1628643407,74473600421343,13767540736,1201240
1628643412,74479691731640,13926309888,1203100
1628643417,74483970538611,13824692224,1204032
1628643423,74488919378207,13772439552,1205892
1628643428,74494978259791,13930770432,1207752
1628643433,74499009754288,13817368576,1208684
1628643438,74504372613518,13776560128,1210544
1628643443,74510088935588,13932376064,1211476
1628643448,74514069150593,13799841792,1213336
1628643454,74519850194158,13781831680,1215200
1628643459,74524923754170,13887762432,1216132
1628643464,74529236327410,13787049984,1217992
1628643469,74535277289882,13786124288,1219852
1628643474,74539994191300,13867892736,1220784
1628643479,74544373632947,13789147136,1222644
1628643485,74550495433880,13948416000,1224508
1628643490,74555009056506,13863235584,1225436
1628643495,74559645888000,13794037760,1227300
1628643500,74565648678995,13952835584,1229160
1628643505,74569783321733,13845889024,1230092
1628643510,74574938347559,13798940672,1231952
1628643516,74580644106493,13951737856,1232884
1628643521,74584602424935,13821620224,1234744
1628643526,74590283734003,13803524096,1236608
1628643531,74595438681497,13913772032,1237536
1628643536,74599554364267,13809078272,1239400
1628643541,74605506989688,13808148480,1241260
1628643547,74610442280846,13892018176,1242192
1628643552,74614709537290,13811027968,1244052
1628643557,74621087277928,13971750912,1245912
1628643562,74625599710830,13884493824,1246844
1628643567,74630284709050,13816410112,1248704
1628643572,74636255798367,13974228992,1250568
1628643578,74640315024186,13861646336,1251496
1628643583,74645523925931,13820952576,1253360
1628643588,74651274521383,13975457792,1254292
1628643593,74655117349655,13845864448,1256152
1628643598,74660773207282,13825699840,1258012
1628643603,74665891885199,13930762240,1258944
1628643609,74670137231282,13831585792,1260804
1628643614,74675993168140,13830172672,1262668
1628643619,74680723103376,13910773760,1263596
1628643624,74685069928400,13833269248,1265460
1628643629,74691238037274,13992603648,1267320
1628643634,74695543404837,13894201344,1268252
1628643640,74700430951334,13838548992,1270112
1628643645,74706320242043,13996584960,1271044
1628643650,74710363435220,13878771712,1272904
1628643655,74715682902919,13842755584,1274768
1628643660,74721253942903,13994831872,1275696
1628643665,74725208033962,13847441408,1277560
1628643671,74731004480847,13847597056,1279420
1628643676,74736128678806,13956112384,1280352
1628643681,74740377854240,13853671424,1282212
1628643686,74746292641527,13852565504,1284072
1628643691,74751052376391,13932507136,1285004
1628643696,74755567383241,13855408128,1286864
1628643702,74761664861518,14014136320,1288728
1628643707,74766008235853,13916221440,1289656
1628643712,74770874184938,13860491264,1291520
1628643717,74776957409036,14019186688,1293380
1628643722,74780927667123,13906628608,1294312
1628643727,74785976300761,13865000960,1296172
1628643733,74791726753738,14019985408,1297104
1628643738,74795650604470,13901549568,1298964
1628643743,74800992092648,13869445120,1300828
1628643748,74806512864756,14023356416,1301756
1628643753,74810442305097,13895761920,1303620
1628643758,74816088575086,13877895168,1305480
1628643764,74821398946366,13992402944,1306412
1628643769,74825657292219,13883506688,1308272
1628643774,74831511054378,13882368000,1310136
1628643779,74836382657830,13971668992,1311064
1628643784,74840710627532,13885333504,1312928
1628643789,74846795111815,14046552064,1314788
1628643795,74851281097510,13958737920,1315720
1628643800,74856053981279,13890478080,1317580
1628643805,74862200368848,14050033664,1319440
1628643810,74866205166817,13937082368,1320372
1628643815,74871376135102,13894651904,1322232
1628643820,74877021705126,14047391744,1323164
1628643826,74881006704416,13919719424,1325024
1628643831,74886612582536,13899677696,1326888
1628643836,74891845565278,14013681664,1327820
1628643841,74895995262399,13905133568,1329680
1628643846,74901993411962,13904633856,1331540
1628643851,74906762417754,13986492416,1332472
1628643857,74911203285362,13907431424,1334332
1628643862,74917240567257,14066655232,1336196
1628643867,74921630143582,13977198592,1337124
1628643872,74926324775547,13912158208,1338988
1628643877,74932365059033,14072758272,1340848
1628643882,74936410370475,13960269824,1341780
1628643887,74941549372584,13916688384,1343640
1628643893,74947435266730,14072385536,1344572
1628643898,74951438601178,13949067264,1346432
1628643903,74956989169437,13921488896,1348296
1628643908,74962236786331,14037733376,1349224
1628643913,74966508268032,13927067648,1351088
1628643918,74972350720714,13926555648,1352948
1628643924,74977065171117,14008467456,1353880
1628643929,74981328124980,13929508864,1355740
1628643934,74987361644553,14087872512,1357600
1628643939,74991894219580,14003806208,1358532
1628643944,74996398373882,13933985792,1360392
1628643949,75002396326184,14093475840,1362256
1628643955,75006659801931,13992292352,1363184
1628643960,75011453464185,13938909184,1365048
1628643965,75017420562501,14094630912,1365980
1628643970,75021386822287,13973045248,1367844
1628643975,75026861648198,13943775232,1369704
1628643980,75032241991566,14058827776,1370636
1628643986,75036292404324,13949407232,1372496
1628643991,75042040472889,13948579840,1374360
1628643996,75046892353002,14031568896,1375288
1628644001,75051146068265,13951328256,1377152
1628644006,75057257799232,14110482432,1379012
1628644011,75061780323068,14024667136,1379944
1628644017,75066372610026,13956272128,1381804
1628644022,75072445105840,14116155392,1383668
1628644027,75076716961074,14011949056,1384596
1628644032,75081730428590,13960974336,1386460
1628644037,75087550531902,14117810176,1387388
1628644042,75091502453232,13997543424,1389252
1628644047,75097044195061,13965152256,1391112
1628644053,75102557551271,14108561408,1392044
1628644058,75106574678244,13971427328,1393904
1628644063,75112436278359,13970296832,1395764
1628644068,75117389836429,14072238080,1396696
1628644073,75121574418389,13973069824,1398556
1628644078,75127764283991,14133731328,1400420
1628644084,75132379007496,14045196288,1401348
1628644089,75136946071201,13977985024,1403212
1628644094,75143015482331,14137225216,1405072
1628644099,75147197796872,14030708736,1406004
1628644104,75152408298790,13982744576,1407864
1628644109,75158113569267,14136729600,1408796
1628644115,75162046534399,14008786944,1410656
1628644120,75167645318375,13987491840,1412520
1628644125,75172813742279,14098944000,1413448
1628644130,75176931551234,13992906752,1415312
1628644135,75182947135767,13992312832,1417172
1628644140,75187590836742,14068031488,1418104
1628644146,75192183235751,13995216896,1419964
1628644151,75198205988440,14154305536,1421828
1628644156,75202526060178,14063321088,1422756
1628644161,75207335253433,13999972352,1424620
1628644166,75213407861448,14159781888,1426480
1628644171,75217355055988,14045237248,1427412
1628644177,75222559495731,14004273152,1429272
1628644182,75228238722559,14159863808,1430204
1628644187,75232095625457,14035419136,1432064
1628644192,75237634501185,14009589760,1433924
1628644197,75242860386199,14124802048,1434856
1628644202,75246976443840,14015016960,1436716
1628644208,75253008238341,14014386176,1438580
1628644213,75257548487666,14086275072,1439512
1628644218,75262195479971,14017335296,1441372
1628644223,75268242018820,14177476608,1443232
1628644228,75272360636583,14067335168,1444164
1628644233,75277345265111,14021775360,1446024
1628644239,75283185279000,14179274752,1446956
1628644244,75287120463300,14062723072,1448816
1628644249,75292376803434,14026424320,1450680
1628644254,75297958869623,14176727040,1451608
1628644259,75301818631847,14048935936,1453476
1628644264,75307520633141,14031458304,1455336
1628644270,75312667622584,14138789888,1456268
1628644275,75316807744173,14037839872,1458128
1628644280,75322705399151,14035963904,1459992
1628644285,75327293894057,14110568448,1460920
1628644290,75331837720262,14038712320,1462784
1628644295,75337804164821,14197436416,1464644
1628644301,75342025987556,14091546624,1465576
1628644306,75346874027935,14043963392,1467436
1628644311,75352916168100,14202183680,1469296
1628644316,75356835385261,14084698112,1470228
1628644321,75362077439743,14048460800,1472088
1628644326,75367585668315,14181175296,1473020
1628644332,75371532293889,14053568512,1474880
1628644337,75377480677454,14053249024,1476744
1628644342,75382342835834,14138253312,1477676
1628644347,75386627746326,14056312832,1479536
1628644352,75392635233960,14215479296,1481396
1628644357,75397064603832,14127153152,1482328
1628644363,75401757167181,14060961792,1484188
1628644368,75407874989121,14221168640,1486052
1628644373,75411710684985,14099800064,1486980
1628644378,75417091225884,14065963008,1488844
1628644383,75422624240594,14219255808,1489772
1628644388,75426538444213,14070812672,1491636
1628644394,75432378570957,14070587392,1493496
1628644399,75437462222838,14173986816,1494428
1628644404,75441601184481,14075281408,1496288
1628644409,75447676970772,14075416576,1498152
1628644414,75452434151065,14150967296,1499080
1628644419,75456879940375,14078341120,1500944
1628644424,75462835770260,14237499392,1502804
1628644430,75467052401424,14134501376,1503736
1628644435,75471919915782,14082781184,1505596
1628644440,75477730837392,14239002624,1506528
1628644445,75481623014970,14114615296,1508388
1628644450,75487149123329,14087917568,1510248
1628644455,75492580195875,14222401536,1511180
1628644461,75496596148352,14092730368,1513040
1628644466,75502390712742,14092374016,1514904
1628644471,75507357628913,14196191232,1515836
1628644476,75511639257669,14099046400,1517696
1628644481,75517746363636,14097629184,1519556
1628644487,75522493051995,14173188096,1520488
1628644492,75526990024224,14100549632,1522348
1628644497,75533029564747,14258561024,1524212
1628644502,75537437223584,14154473472,1525140
1628644507,75542291494976,14104932352,1527008
1628644512,75548019647556,14260649984,1527936
1628644518,75552023594832,14141579264,1529800
1628644523,75557399734959,14110248960,1531660
1628644528,75562932237087,14263201792,1532592
1628644533,75566876075717,14128582656,1534452
1628644538,75572586730502,14115139584,1536316
1628644543,75577726786920,14224302080,1537244
1628644549,75581807387410,14119776256,1539108
1628644554,75587806808794,14119182336,1540968
1628644559,75592545766641,14194503680,1541900
1628644564,75597020824633,14122213376,1543760
1628644569,75602995073410,14281666560,1545620
1628644574,75607358491323,14191509504,1546552
1628644579,75612045576493,14127456256,1548412
1628644585,75618005705104,14286585856,1550276
1628644590,75622093470926,14172991488,1551208
1628644595,75627310462909,14132183040,1553068
1628644600,75633004873749,14285459456,1554000
1628644605,75636941603824,14154006528,1555860
1628644610,75642523670567,14136766464,1557720
1628644616,75647663859658,14244712448,1558652
1628644621,75651816972638,14142783488,1560512
1628644626,75657750655525,14141632512,1562376
1628644631,75662409491123,14223081472,1563304
1628644636,75666746683902,14144491520,1565168
1628644641,75672660735810,14303776768,1567028
1628644647,75676994700669,14213771264,1567960
1628644652,75682055221225,14149545984,1569820
1628644657,75688016641829,14307209216,1571684
1628644662,75692030339508,14195683328,1572612
1628644667,75697240749888,14154240000,1574476
1628644672,75702863731192,14306799616,1575404
1628644678,75706719618714,14178430976,1577268
1628644683,75712368959112,14158819328,1579128
1628644688,75717593621635,14271549440,1580060
1628644693,75721703766541,14163656704,1581920
1628644698,75727594969456,14163492864,1583780
1628644703,75732406985299,14247165952,1584712
1628644709,75736712802316,14166192128,1586572
1628644714,75742691829734,14325661696,1588436
1628644719,75747250912850,14238457856,1589368
1628644724,75751906141503,14171336704,1591228
1628644729,75757867677914,14329995264,1593088
1628644734,75761798807273,14215950336,1594020
1628644739,75766850468898,14176215040,1595880
1628644745,75772648582188,14330359808,1596812
1628644750,75776513804443,14205628416,1598672
1628644755,75782143255594,14181064704,1600536
1628644760,75787373553250,14295433216,1601464
1628644765,75791377622418,14186463232,1603328
1628644770,75797223293023,14185611264,1605188
1628644776,75802082910992,14270287872,1606120
1628644781,75806175544126,14188269568,1607980
1628644786,75812318273955,14347821056,1609844
1628644791,75816863996419,14261084160,1610772
1628644796,75821469044478,14193152000,1612636
1628644801,75827559447034,14353174528,1614496
1628644807,75831573691490,14238593024,1615428
1628644812,75836840614957,14198009856,1617288
1628644817,75842580450259,14351138816,1618220
1628644822,75846464096440,14217949184,1620080
1628644827,75852215979789,14203473920,1621940
1628644832,75857361441914,14314086400,1622872
1628644838,75861532743040,14211817472,1624732
1628644843,75867350884378,14212231168,1626596
1628644848,75872014580460,14291742720,1627528
1628644853,75876440291987,14215983104,1629388
1628644858,75882425077777,14375641088,1631248
1628644863,75886830201604,14286225408,1632180
1628644869,75891671317723,14220849152,1634040
1628644874,75897614891669,14379814912,1635904
1628644879,75901747078854,14270713856,1636832
1628644884,75906619104717,14225534976,1638696
1628644889,75912301332202,14381297664,1639624
1628644894,75916287252249,14259916800,1641488
1628644900,75921770458538,14230646784,1643348
1628644905,75927240728466,14362992640,1644280
1628644910,75931228397932,14235566080,1646140
1628644915,75937040568925,14235230208,1648004
