Time,Disk_Usage
1632136020,0
1632136021,0
1632136023,0
1632136025,208
1632136026,207
1632136028,0
1632136030,0
1632136031,0
1632136033,208
1632136034,209
1632136036,0
1632136038,0
1632136039,207
1632136041,208
1632136043,207
1632136044,0
1632136046,0
1632136047,208
1632136049,208
1632136051,0
1632136052,0
1632136054,0
1632136056,209
1632136057,209
1632136059,0
1632136060,0
1632136062,0
1632136064,207
1632136065,208
1632136067,0
1632136069,0
1632136070,0
1632136072,208
1632136074,207
1632136075,0
1632136077,0
1632136078,208
1632136080,205
1632136082,208
1632136083,0
1632136085,0
1632136087,208
1632136088,208
1632136090,0
1632136091,0
1632136093,0
1632136095,207
1632136096,209
1632136098,0
1632136100,0
1632136101,0
1632136103,209
1632136105,210
1632136106,0
1632136108,0
1632136109,0
1632136111,204
1632136113,201
1632136114,0
1632136116,0
1632136118,209
1632136119,208
1632136121,206
1632136123,0
1632136124,0
1632136126,208
1632136127,208
1632136129,0
1632136131,0
1632136132,0
1632136134,208
1632136136,207
1632136137,0
1632136139,0
1632136140,0
1632136142,207
1632136144,207
1632136145,0
1632136147,0
1632136149,207
1632136150,206
1632136152,207
1632136153,0
1632136155,0
1632136157,208
1632136158,205
1632136160,208
1632136162,0
1632136163,0
1632136165,208
1632136166,207
1632136168,0
1632136170,0
1632136171,0
1632136173,207
1632136175,207
1632136176,0
1632136178,0
1632136180,0
1632136181,206
1632136183,209
1632136184,0
1632136186,0
1632136188,208
1632136189,206
1632136191,206
1632136193,0
1632136194,0
1632136196,208
1632136197,208
1632136199,0
1632136201,0
1632136202,0
1632136204,209
1632136206,207
1632136207,0
1632136209,0
1632136210,0
1632136212,206
1632136214,205
1632136215,0
1632136217,0
1632136219,209
1632136220,206
1632136222,204
1632136223,0
1632136225,0
1632136227,208
1632136228,208
1632136230,0
1632136232,0
1632136233,0
1632136235,207
1632136236,205
1632136238,0
1632136240,0
1632136241,0
1632136243,209
1632136245,209
1632136246,0
1632136248,0
1632136250,0
1632136251,207
1632136253,207
1632136254,0
1632136256,0
1632136258,206
1632136259,206
1632136261,0
1632136263,0
1632136264,0
1632136266,207
1632136267,208
1632136269,0
1632136271,0
1632136272,0
1632136274,207
1632136276,207
1632136277,0
1632136279,0
1632136280,0
1632136282,207
1632136284,205
1632136285,0
1632136287,0
1632136289,0
1632136290,208
1632136292,206
1632136294,0
1632136295,0
1632136297,0
1632136299,207
1632136300,207
1632136302,0
1632136304,0
1632136305,0
1632136307,208
1632136309,209
1632136310,0
1632136312,0
1632136314,0
1632136315,200
1632136317,207
1632136318,0
1632136320,0
1632136322,0
1632136324,200
1632136325,207
1632136327,0
1632136328,0
1632136330,0
1632136332,201
1632136333,201
1632136335,204
1632136337,0
1632136338,0
1632136340,204
1632136342,201
1632136343,201
1632136345,0
1632136347,0
1632136348,206
1632136350,206
1632136352,201
1632136353,0
1632136355,0
1632136357,208
1632136358,206
1632136360,206
1632136362,0
1632136363,0
1632136365,198
1632136366,209
1632136368,209
1632136370,0
1632136371,0
1632136373,202
1632136375,202
1632136376,208
1632136378,0
1632136380,0
1632136381,202
1632136383,203
1632136385,201
1632136386,0
1632136388,0
1632136390,207
1632136391,202
