Date_time,CPU,Memory_Bytes,Disk_Usage,,Ref_time
1629387119,82993292360,8824930304,1184,,0
1629387121,83205604179,8817938432,1188,,2
1629387122,84867843238,8891224064,1192,,3
1629387123,85538429457,8818343936,1196,,4
1629387124,85724529294,8818466816,1200,,5
1629387125,85910102272,8818794496,1204,,6
1629387126,86156890639,8818814976,1208,,7
1629387128,86354082575,8819200000,1212,,9
1629387129,86542372943,8819425280,1216,,10
1629387130,86748277374,8819671040,1220,,11
1629387131,87434907099,8845811712,1224,,12
1629387132,89067997366,8820101120,1228,,13
1629387134,89232149869,8819949568,1232,,15
1629387135,89529144111,8820207616,1240,,16
1629387136,89707139613,8820764672,1244,,17
1629387137,89867126633,8820846592,1248,,18
1629387138,90182156343,8824057856,1252,,19
1629387140,92461799319,8908410880,1256,,21
1629387141,92683754485,8821809152,1260,,22
1629387142,94650348124,8905928704,1264,,23
1629387143,95081445209,8821964800,1268,,24
1629387144,95261770042,8822329344,1272,,25
1629387146,95451318176,8822296576,1276,,27
1629387147,95633574815,8822022144,1280,,28
1629387148,95799263812,8822075392,1284,,29
1629387149,95956647571,8822018048,1288,,30
1629387150,96137477205,8822288384,1292,,31
1629387151,97136605563,8863948800,1296,,32
1629387153,98366207655,8822497280,1300,,34
1629387154,98499418072,8822202368,1304,,35
1629387155,98645393935,8822214656,1308,,36
1629387156,98776077538,8822411264,1312,,37
1629387157,98935026699,8822067200,1316,,38
1629387159,99083041064,8822546432,1320,,40
1629387160,99218233289,8822513664,1324,,41
1629387161,99452072571,8824283136,1328,,42
1629387162,1.01E+11,8822759424,1332,,43
1629387163,1.02E+11,8822738944,1336,,44
1629387165,1.02E+11,8822902784,1340,,46
1629387166,1.02E+11,8823066624,1344,,47
1629387167,1.02E+11,8822915072,1348,,48
1629387168,1.02E+11,8822874112,1352,,49
1629387169,1.04E+11,8905994240,1356,,50
1629387170,1.04E+11,8823095296,1360,,51
1629387172,1.06E+11,8892076032,1368,,53
1629387173,1.07E+11,8823136256,1368,,54
1629387174,1.07E+11,8823398400,1372,,55
1629387175,1.07E+11,8823500800,1376,,56
1629387176,1.07E+11,8822661120,1380,,57
1629387178,1.08E+11,8822558720,1384,,59
1629387179,1.08E+11,8822685696,1392,,60
1629387180,1.08E+11,8822603776,1396,,61
1629387181,1.08E+11,8840450048,1400,,62
1629387182,1.10E+11,8822681600,1404,,63
1629387184,1.10E+11,8822530048,1408,,65
1629387185,1.11E+11,8822784000,1412,,66
1629387186,1.11E+11,8822636544,1416,,67
1629387187,1.11E+11,8822562816,1420,,68
1629387188,1.11E+11,8822624256,1424,,69
1629387189,1.11E+11,8822411264,1428,,70
1629387191,1.11E+11,8822611968,1432,,72
1629387192,1.13E+11,8899670016,1436,,73
1629387193,1.13E+11,8822554624,1440,,74
1629387194,1.14E+11,8822947840,1640,,75
1629387195,1.14E+11,8822984704,1644,,76
1629387196,1.14E+11,8823173120,1648,,77
1629387198,1.14E+11,8823042048,1652,,79
1629387199,1.15E+11,8871915520,1656,,80
1629387200,1.16E+11,8822996992,1660,,81
1629387201,1.17E+11,8850792448,1664,,82
1629387202,1.19E+11,8822767616,1668,,83
1629387204,1.19E+11,8822710272,1672,,85
1629387205,1.19E+11,8822763520,1676,,86
1629387206,1.19E+11,8822718464,1680,,87
1629387207,1.19E+11,8822865920,1684,,88
1629387208,1.19E+11,8822845440,1688,,89
1629387210,1.19E+11,8822927360,1692,,91
1629387211,1.19E+11,8822636544,1696,,92
1629387212,1.22E+11,8823345152,1700,,93
1629387213,1.22E+11,8822931456,1704,,94
1629387214,1.22E+11,8822968320,1708,,95
1629387216,1.22E+11,8822784000,1712,,97
1629387217,1.22E+11,8823095296,1716,,98
1629387218,1.22E+11,8823185408,1720,,99
1629387219,1.23E+11,8823115776,1724,,100
1629387220,1.23E+11,8823058432,1728,,101
1629387222,1.24E+11,8884412416,1736,,103
1629387223,1.25E+11,8823136256,1740,,104
1629387224,1.25E+11,8823291904,1744,,105
1629387225,1.26E+11,8823410688,1748,,106
1629387226,1.26E+11,8822992896,1752,,107
1629387227,1.26E+11,8823238656,1756,,108
1629387229,1.27E+11,8851419136,1760,,110
1629387230,1.29E+11,8823066624,1764,,111
1629387231,1.29E+11,8835010560,1768,,112
1629387232,1.31E+11,8823443456,1772,,113
1629387233,1.31E+11,8823230464,1776,,114
1629387235,1.31E+11,8823312384,1780,,116
1629387236,1.31E+11,8823328768,1784,,117
1629387237,1.31E+11,8823095296,1788,,118
1629387238,1.31E+11,8823164928,1792,,119
1629387239,1.32E+11,8823353344,1796,,120
1629387241,1.32E+11,8823095296,1800,,122
1629387242,1.34E+11,8906424320,1804,,123
1629387243,1.34E+11,8823640064,1808,,124
1629387244,1.34E+11,8823390208,1812,,125
1629387245,1.34E+11,8823631872,1816,,126
1629387247,1.34E+11,8823402496,1820,,128
1629387248,1.34E+11,8823676928,1824,,129
1629387249,1.35E+11,8823390208,1828,,130
1629387250,1.35E+11,8823582720,1832,,131
1629387251,1.36E+11,8859963392,1836,,132
1629387253,1.37E+11,8823414784,1840,,134
1629387254,1.37E+11,8823459840,1844,,135
1629387255,1.37E+11,8823607296,1848,,136
1629387256,1.38E+11,8823103488,1852,,137
1629387257,1.38E+11,8823468032,1856,,138
1629387258,1.38E+11,8831021056,1860,,139
1629387260,1.40E+11,8823545856,1864,,141
1629387261,1.40E+11,8823144448,1868,,142
1629387262,1.42E+11,8822886400,1872,,143
1629387263,1.42E+11,8823181312,1876,,144
1629387264,1.42E+11,8823377920,1880,,145
1629387266,1.43E+11,8823341056,1884,,147
1629387267,1.43E+11,8823435264,1888,,148
1629387268,1.43E+11,8823418880,1892,,149
1629387269,1.43E+11,8823418880,1896,,150
1629387270,1.43E+11,8823324672,1900,,151
1629387272,1.44E+11,8893288448,1904,,153
1629387273,1.45E+11,8823730176,1912,,154
1629387274,1.45E+11,8823377920,1916,,155
1629387275,1.46E+11,8823185408,1920,,156
1629387276,1.46E+11,8823537664,1924,,157
1629387277,1.46E+11,8823496704,1928,,158
1629387279,1.46E+11,8823664640,1932,,160
1629387280,1.46E+11,8823504896,1936,,161
1629387281,1.46E+11,8830324736,1940,,162
1629387282,1.48E+11,8823820288,1944,,163
1629387283,1.48E+11,8823582720,1948,,164
1629387285,1.49E+11,8823508992,1952,,166
1629387286,1.49E+11,8823169024,1956,,167
1629387287,1.49E+11,8823742464,1960,,168
1629387288,1.49E+11,8823853056,1964,,169
1629387289,1.51E+11,8906788864,1968,,170
1629387291,1.51E+11,8823853056,1972,,172
1629387292,1.53E+11,8899657728,1976,,173
1629387293,1.53E+11,8823914496,1980,,174
1629387294,1.54E+11,8823713792,1984,,175
1629387295,1.54E+11,8823914496,1988,,176
1629387297,1.54E+11,8824123392,1992,,178
1629387298,1.54E+11,8824369152,1996,,179
1629387299,1.54E+11,8824246272,2000,,180
1629387300,1.55E+11,8824123392,2004,,181
1629387301,1.55E+11,8857665536,2008,,182
1629387303,1.57E+11,8824098816,2012,,184
1629387304,1.57E+11,8824233984,2016,,185
1629387305,1.57E+11,8824180736,2020,,186
1629387306,1.57E+11,8824188928,2024,,187
1629387307,1.57E+11,8824033280,2028,,188
1629387308,1.58E+11,8823914496,2032,,189
1629387310,1.58E+11,8824205312,2036,,191
1629387311,1.58E+11,8823865344,2040,,192
1629387312,1.60E+11,8824893440,2044,,193
1629387313,1.60E+11,8824082432,2048,,194
1629387314,1.60E+11,8824328192,2052,,195
1629387316,1.60E+11,8824094720,2056,,197
1629387317,1.61E+11,8824197120,2060,,198
1629387318,1.61E+11,8824397824,2064,,199
1629387319,1.62E+11,8896974848,2068,,200
1629387320,1.63E+11,8824238080,2072,,201
1629387321,1.64E+11,8871944192,2080,,202
1629387323,1.65E+11,8824238080,2084,,204
1629387324,1.65E+11,8824340480,2088,,205
1629387325,1.65E+11,8824401920,2092,,206
1629387326,1.66E+11,8824250368,2096,,207
1629387327,1.66E+11,8824356864,2100,,208
1629387329,1.66E+11,8824344576,2104,,210
1629387330,1.66E+11,8824320000,2108,,211
1629387331,1.66E+11,8832573440,2112,,212
1629387332,1.68E+11,8824373248,2116,,213
1629387333,1.68E+11,8824467456,2120,,214
1629387335,1.68E+11,8824537088,2124,,216
1629387336,1.68E+11,8824180736,2128,,217
1629387337,1.69E+11,8824442880,2132,,218
1629387338,1.69E+11,8824229888,2136,,219
1629387339,1.69E+11,8824389632,2140,,220
1629387341,1.69E+11,8824291328,2144,,222
1629387342,1.71E+11,8900075520,2148,,223
1629387343,1.71E+11,8824377344,2152,,224
1629387344,1.71E+11,8824377344,2156,,225
1629387345,1.71E+11,8824504320,2160,,226
1629387347,1.71E+11,8824729600,2164,,228
1629387348,1.71E+11,8824365056,2168,,229
1629387349,1.73E+11,8884142080,2172,,230
1629387350,1.74E+11,8824451072,2176,,231
1629387351,1.75E+11,8861323264,2180,,232
1629387353,1.76E+11,8824627200,2184,,234
1629387354,1.76E+11,8824684544,2188,,235
1629387355,1.76E+11,8824426496,2192,,236
1629387356,1.76E+11,8824270848,2196,,237
1629387357,1.76E+11,8824471552,2200,,238
1629387359,1.77E+11,8824635392,2204,,240
1629387360,1.77E+11,8824238080,2208,,241
1629387361,1.77E+11,8827129856,2212,,242
1629387362,1.79E+11,8824438784,2216,,243
1629387363,1.79E+11,8824438784,2220,,244
1629387365,1.79E+11,8824610816,2220,,246
1629387366,1.79E+11,8824496128,2224,,247
1629387367,1.79E+11,8824557568,2228,,248
1629387368,1.80E+11,8824549376,2232,,249
1629387369,1.80E+11,8824442880,2236,,250
1629387371,1.80E+11,8824258560,2240,,252
1629387372,1.81E+11,8898015232,2244,,253
1629387373,1.82E+11,8824422400,2248,,254
1629387374,1.82E+11,8824508416,2252,,255
1629387375,1.82E+11,8824287232,2256,,256
1629387377,1.82E+11,8824512512,2260,,258
1629387378,1.83E+11,8824844288,2264,,259
1629387379,1.84E+11,8875880448,2268,,260
1629387380,1.85E+11,8824573952,2272,,261
1629387381,1.86E+11,8853540864,2276,,262
1629387382,1.87E+11,8825143296,2280,,263
1629387384,1.87E+11,8825417728,2284,,265
1629387385,1.87E+11,8824778752,2288,,266
1629387386,1.87E+11,8825098240,2292,,267
1629387387,1.88E+11,8824844288,2296,,268
1629387388,1.88E+11,8825155584,2300,,269
1629387390,1.88E+11,8824913920,2304,,271
1629387391,1.88E+11,8825085952,2308,,272
1629387392,1.90E+11,8913141760,2312,,273
1629387393,1.90E+11,8824922112,2316,,274
1629387394,1.90E+11,8824815616,2320,,275
1629387396,1.90E+11,8825004032,2324,,277
1629387397,1.90E+11,8824901632,2328,,278
1629387398,1.90E+11,8825171968,2332,,279
1629387399,1.91E+11,8825257984,2336,,280
1629387400,1.91E+11,8824983552,2340,,281
1629387401,1.92E+11,8874618880,2348,,282
1629387403,1.93E+11,8825110528,2352,,284
1629387404,1.93E+11,8825139200,2356,,285
1629387405,1.93E+11,8825171968,2360,,286
1629387406,1.93E+11,8825004032,2364,,287
1629387407,1.94E+11,8825098240,2368,,288
1629387409,1.94E+11,8851103744,2372,,290
1629387410,1.96E+11,8825610240,2376,,291
1629387411,1.96E+11,8831733760,2380,,292
1629387412,1.98E+11,8825131008,2384,,293
1629387413,1.98E+11,8824967168,2388,,294
1629387415,1.98E+11,8825188352,2392,,296
1629387416,1.99E+11,8825110528,2396,,297
1629387417,1.99E+11,8825159680,2400,,298
1629387418,1.99E+11,8825057280,2404,,299
1629387419,1.99E+11,8825118720,2408,,300
1629387421,1.99E+11,8825167872,2412,,302
1629387422,2.01E+11,8897347584,2416,,303
1629387423,2.01E+11,8825597952,2420,,304
1629387424,2.01E+11,8825249792,2424,,305
1629387425,2.02E+11,8824930304,2428,,306
1629387426,2.02E+11,8825262080,2432,,307
1629387428,2.02E+11,8825393152,2436,,309
1629387429,2.02E+11,8825327616,2440,,310
1629387430,2.02E+11,8824987648,2444,,311
1629387431,2.03E+11,8850063360,2448,,312
1629387432,2.04E+11,8825290752,2452,,313
1629387434,2.04E+11,8825827328,2456,,315
1629387435,2.05E+11,8825507840,2460,,316
1629387436,2.05E+11,8825561088,2464,,317
1629387437,2.05E+11,8825438208,2468,,318
1629387438,2.05E+11,8830550016,2472,,319
1629387440,2.07E+11,8825438208,2476,,321
1629387441,2.07E+11,8825638912,2480,,322
1629387442,2.09E+11,8825335808,2484,,323
1629387443,2.09E+11,8825503744,2488,,324
1629387444,2.09E+11,8825245696,2496,,325
1629387446,2.10E+11,8825233408,2500,,327
1629387447,2.10E+11,8825544704,2504,,328
1629387448,2.10E+11,8825376768,2508,,329
1629387449,2.10E+11,8825442304,2512,,330
1629387450,2.10E+11,8825331712,2516,,331
1629387452,2.11E+11,8889561088,2520,,333
1629387453,2.12E+11,8825634816,2524,,334
1629387454,2.12E+11,8825421824,2528,,335
1629387455,2.13E+11,8825376768,2532,,336
1629387456,2.13E+11,8825430016,2536,,337
1629387458,2.13E+11,8825016320,2540,,339
1629387459,2.13E+11,8825327616,2544,,340
1629387460,2.13E+11,8825577472,2548,,341
1629387461,2.13E+11,8834789376,2552,,342
1629387462,2.15E+11,8827203584,2556,,343
1629387463,2.16E+11,8826966016,2560,,344
1629387465,2.16E+11,8827191296,2564,,346
1629387466,2.16E+11,8826912768,2568,,347
1629387467,2.16E+11,8827092992,2572,,348
1629387468,2.16E+11,8827092992,2576,,349
1629387469,2.18E+11,8909987840,2580,,350
1629387471,2.18E+11,8827187200,2584,,352
1629387472,2.20E+11,8900452352,2588,,353
1629387473,2.21E+11,8832147456,2592,,354
1629387474,2.21E+11,8832069632,2596,,355
1629387475,2.21E+11,8832217088,2604,,356
1629387476,2.21E+11,8832069632,2608,,357
1629387478,2.21E+11,8832200704,2612,,359
1629387479,2.22E+11,8832172032,2616,,360
1629387480,2.22E+11,8831897600,2620,,361
1629387481,2.22E+11,8860049408,2624,,362
1629387482,2.24E+11,8832278528,2628,,363
1629387484,2.24E+11,8832278528,2632,,365
1629387485,2.24E+11,8832528384,2636,,366
1629387486,2.24E+11,8832483328,2640,,367
1629387487,2.25E+11,8832188416,2644,,368
1629387488,2.25E+11,8832241664,2648,,369
1629387490,2.25E+11,8832237568,2652,,371
1629387491,2.25E+11,8832163840,2656,,372
1629387492,2.27E+11,8915673088,2660,,373
1629387493,2.28E+11,8832823296,2860,,374
1629387494,2.28E+11,8832892928,2864,,375
1629387495,2.29E+11,8832958464,2868,,376
1629387497,2.30E+11,8833073152,2872,,378
1629387498,2.31E+11,8832700416,2876,,379
1629387499,2.33E+11,8902098944,2880,,380
1629387500,2.34E+11,8832901120,2884,,381
1629387501,2.35E+11,8876728320,2888,,382
1629387503,2.37E+11,8832688128,2892,,384
1629387504,2.37E+11,8832765952,2896,,385
1629387505,2.37E+11,8833208320,2900,,386
1629387506,2.37E+11,8832950272,2904,,387
1629387507,2.37E+11,8833032192,2908,,388
1629387509,2.38E+11,8832794624,2912,,390
1629387510,2.38E+11,8832864256,2916,,391
1629387511,2.38E+11,8834801664,2920,,392
1629387512,2.40E+11,8833019904,2928,,393
1629387513,2.40E+11,8832966656,2932,,394
1629387515,2.40E+11,8833335296,2936,,396
1629387516,2.41E+11,8832933888,2940,,397
1629387517,2.41E+11,8833110016,2944,,398
1629387518,2.41E+11,8833253376,2948,,399
1629387519,2.41E+11,8833294336,2952,,400
1629387520,2.41E+11,8833015808,2956,,401
1629387522,2.43E+11,8906563584,2960,,403
1629387523,2.43E+11,8833155072,2964,,404
1629387524,2.43E+11,8833277952,2968,,405
1629387525,2.44E+11,8833290240,2972,,406
1629387526,2.44E+11,8833495040,2976,,407
1629387528,2.44E+11,8833482752,2980,,409
1629387529,2.45E+11,8869814272,2984,,410
1629387530,2.46E+11,8833224704,2988,,411
1629387531,2.46E+11,8851800064,2992,,412
1629387532,2.48E+11,8833458176,2996,,413
1629387534,2.48E+11,8833687552,3000,,415
1629387535,2.48E+11,8833458176,3008,,416
1629387536,2.48E+11,8833486848,3012,,417
1629387537,2.49E+11,8833351680,3016,,418
1629387538,2.49E+11,8833343488,3020,,419
1629387539,2.49E+11,8832974848,3024,,420
1629387541,2.49E+11,8833298432,3028,,422
1629387542,2.51E+11,8915890176,3032,,423
1629387543,2.51E+11,8833499136,3036,,424
1629387544,2.51E+11,8833437696,3040,,425
1629387545,2.52E+11,8833392640,3044,,426
1629387547,2.52E+11,8833409024,3048,,428
1629387548,2.52E+11,8833482752,3052,,429
1629387549,2.52E+11,8833507328,3056,,430
1629387550,2.52E+11,8833490944,3060,,431
1629387551,2.53E+11,8875196416,3064,,432
1629387553,2.54E+11,8833634304,3068,,434
1629387554,2.54E+11,8833667072,3072,,435
1629387555,2.54E+11,8833421312,3076,,436
1629387556,2.55E+11,8833437696,3080,,437
1629387557,2.55E+11,8833433600,3084,,438
1629387558,2.55E+11,8841654272,3088,,439
1629387560,2.57E+11,8833482752,3092,,441
1629387561,2.57E+11,8833273856,3096,,442
1629387562,2.59E+11,8833441792,3104,,443
1629387563,2.59E+11,8833654784,3108,,444
1629387564,2.59E+11,8833568768,3112,,445
1629387566,2.59E+11,8833708032,3116,,447
1629387567,2.60E+11,8833708032,3120,,448
1629387568,2.60E+11,8833589248,3124,,449
1629387569,2.60E+11,8833658880,3128,,450
1629387570,2.60E+11,8833748992,3132,,451
1629387571,2.61E+11,8883056640,3136,,452
1629387573,2.62E+11,8833789952,3140,,454
1629387574,2.62E+11,8833675264,3144,,455
1629387575,2.63E+11,8833810432,3148,,456
1629387576,2.63E+11,8833683456,3152,,457
1629387577,2.63E+11,8833810432,3156,,458
1629387579,2.63E+11,8833466368,3160,,460
1629387580,2.63E+11,8833454080,3164,,461
1629387581,2.63E+11,8836440064,3168,,462
1629387582,2.65E+11,8833888256,3176,,463
1629387583,2.65E+11,8833654784,3180,,464
1629387585,2.65E+11,8833765376,3184,,466
1629387586,2.66E+11,8833810432,3188,,467
1629387587,2.66E+11,8833843200,3192,,468
1629387588,2.66E+11,8833937408,3196,,469
1629387589,2.68E+11,8916422656,3200,,470
1629387591,2.68E+11,8833789952,3204,,472
1629387592,2.70E+11,8908754944,3208,,473
1629387593,2.70E+11,8834076672,3212,,474
1629387594,2.70E+11,8834084864,3216,,475
1629387595,2.70E+11,8833949696,3220,,476
1629387596,2.71E+11,8834310144,3224,,477
1629387598,2.71E+11,8833683456,3228,,479
1629387599,2.71E+11,8833671168,3232,,480
1629387600,2.71E+11,8833888256,3236,,481
1629387601,2.71E+11,8856797184,3240,,482
1629387602,2.73E+11,8833961984,3244,,483
1629387604,2.73E+11,8834093056,3248,,485
1629387605,2.73E+11,8834105344,3252,,486
1629387606,2.73E+11,8834158592,3256,,487
1629387607,2.74E+11,8834113536,3260,,488
1629387608,2.74E+11,8833867776,3264,,489
1629387610,2.74E+11,8834125824,3272,,491
1629387611,2.74E+11,8834088960,3276,,492
1629387612,2.76E+11,8917753856,3280,,493
1629387613,2.76E+11,8834408448,3284,,494
1629387614,2.76E+11,8834179072,3288,,495
1629387615,2.76E+11,8833961984,3292,,496
1629387617,2.77E+11,8834297856,3296,,498
1629387618,2.77E+11,8833994752,3300,,499
1629387619,2.78E+11,8903569408,3304,,500
1629387620,2.79E+11,8833802240,3308,,501
1629387621,2.80E+11,8870121472,3312,,502
1629387623,2.81E+11,8833888256,3316,,504
1629387624,2.81E+11,8834174976,3320,,505
1629387625,2.81E+11,8834097152,3324,,506
1629387626,2.81E+11,8834039808,3328,,507
1629387627,2.82E+11,8834322432,3332,,508
1629387628,2.82E+11,8834183168,3336,,509
1629387630,2.82E+11,8834273280,3340,,511
1629387631,2.82E+11,8834007040,3344,,512
1629387632,2.84E+11,8834101248,3352,,513
1629387633,2.84E+11,8834125824,3356,,514
1629387634,2.84E+11,8834228224,3360,,515
1629387636,2.84E+11,8834174976,3364,,517
1629387637,2.85E+11,8834060288,3368,,518
1629387638,2.85E+11,8834244608,3372,,519
1629387639,2.85E+11,8834379776,3376,,520
1629387640,2.85E+11,8834183168,3380,,521
1629387642,2.86E+11,8896462848,3384,,523
1629387643,2.87E+11,8834379776,3388,,524
1629387644,2.87E+11,8834531328,3392,,525
1629387645,2.87E+11,8834482176,3396,,526
1629387646,2.87E+11,8834551808,3400,,527
1629387648,2.88E+11,8834408448,3404,,529
1629387649,2.88E+11,8868323328,3408,,530
1629387650,2.90E+11,8834416640,3412,,531
1629387651,2.90E+11,8851582976,3416,,532
1629387652,2.92E+11,8834613248,3420,,533
1629387653,2.92E+11,8834682880,3424,,534
1629387655,2.92E+11,8834764800,3428,,536
1629387656,2.92E+11,8834629632,3436,,537
1629387657,2.92E+11,8834658304,3436,,538
1629387658,2.93E+11,8834580480,3440,,539
1629387659,2.93E+11,8834494464,3448,,540
1629387661,2.93E+11,8834465792,3452,,542
1629387662,2.94E+11,8913879040,3456,,543
1629387663,2.95E+11,8834629632,3460,,544
1629387664,2.95E+11,8834564096,3460,,545
1629387665,2.95E+11,8834543616,3464,,546
1629387667,2.95E+11,8834510848,3468,,548
1629387668,2.95E+11,8834592768,3476,,549
1629387669,2.96E+11,8834052096,3480,,550
1629387670,2.96E+11,8834576384,3484,,551
1629387671,2.96E+11,8861810688,3488,,552
1629387672,2.98E+11,8834347008,3492,,553
1629387674,2.98E+11,8834826240,3496,,555
1629387675,2.98E+11,8834826240,3500,,556
1629387676,2.98E+11,8834502656,3504,,557
1629387677,2.98E+11,8834748416,3508,,558
1629387678,2.99E+11,8838303744,3512,,559
1629387680,3.00E+11,8834572288,3516,,561
1629387681,3.01E+11,8834715648,3520,,562
1629387682,3.03E+11,8920760320,3524,,563
1629387683,3.03E+11,8834502656,3528,,564
1629387684,3.03E+11,8834502656,3532,,565
1629387686,3.03E+11,8834035712,3536,,567
1629387687,3.03E+11,8834301952,3540,,568
1629387688,3.03E+11,8834236416,3544,,569
1629387689,3.03E+11,8834297856,3548,,570
1629387690,3.03E+11,8834363392,3552,,571
1629387692,3.05E+11,8891318272,3556,,573
1629387693,3.06E+11,8834437120,3560,,574
1629387694,3.06E+11,8834691072,3564,,575
1629387695,3.06E+11,8834478080,3568,,576
1629387696,3.06E+11,8834453504,3572,,577
1629387697,3.06E+11,8834600960,3576,,578
1629387699,3.06E+11,8834953216,3580,,580
1629387700,3.06E+11,8834711552,3584,,581
1629387701,3.06E+11,8839868416,3588,,582
1629387702,3.09E+11,8834838528,3592,,583
1629387703,3.09E+11,8834703360,3596,,584
1629387705,3.09E+11,8834572288,3600,,586
1629387706,3.09E+11,8834699264,3604,,587
1629387707,3.09E+11,8834818048,3608,,588
1629387708,3.09E+11,8834564096,3612,,589
1629387709,3.11E+11,8916959232,3616,,590
1629387711,3.11E+11,8834805760,3624,,592
1629387712,3.13E+11,8907005952,3628,,593
1629387713,3.14E+11,8834981888,3632,,594
1629387714,3.14E+11,8834920448,3636,,595
1629387715,3.14E+11,8835096576,3640,,596
1629387716,3.14E+11,8835026944,3644,,597
1629387718,3.14E+11,8835006464,3648,,599
1629387719,3.14E+11,8835137536,3652,,600
1629387720,3.14E+11,8835100672,3656,,601
1629387721,3.15E+11,8857575424,3660,,602
1629387722,3.17E+11,8834797568,3664,,603
1629387724,3.17E+11,8834772992,3668,,605
1629387725,3.17E+11,8834658304,3672,,606
1629387726,3.17E+11,8834551808,3676,,607
1629387727,3.17E+11,8834736128,3680,,608
1629387728,3.17E+11,8834883584,3684,,609
1629387729,3.17E+11,8834887680,3688,,610
1629387731,3.18E+11,8834699264,3692,,612
1629387732,3.19E+11,8917446656,3696,,613
1629387733,3.20E+11,8834990080,3700,,614
1629387734,3.20E+11,8834822144,3704,,615
1629387735,3.20E+11,8834883584,3712,,616
1629387737,3.20E+11,8834904064,3716,,618
1629387738,3.20E+11,8834678784,3720,,619
1629387739,3.22E+11,8889798656,3724,,620
1629387740,3.22E+11,8835358720,3728,,621
1629387741,3.23E+11,8868794368,3732,,622
1629387743,3.25E+11,8834957312,3736,,624
1629387744,3.25E+11,8835067904,3740,,625
1629387745,3.25E+11,8835170304,3744,,626
1629387746,3.25E+11,8835399680,3748,,627
1629387747,3.25E+11,8834797568,3752,,628
1629387748,3.25E+11,8835276800,3756,,629
1629387750,3.25E+11,8835256320,3760,,631
1629387751,3.26E+11,8835334144,3764,,632
1629387752,3.28E+11,8835420160,3768,,633
1629387753,3.28E+11,8835121152,3772,,634
1629387754,3.28E+11,8834883584,3776,,635
1629387756,3.28E+11,8834883584,3780,,637
1629387757,3.28E+11,8834863104,3788,,638
1629387758,3.28E+11,8835026944,3792,,639
1629387759,3.28E+11,8835026944,3796,,640
1629387760,3.29E+11,8835076096,3800,,641
1629387761,3.30E+11,8887840768,3804,,642
1629387763,3.31E+11,8835158016,3808,,644
1629387764,3.31E+11,8835100672,3812,,645
1629387765,3.31E+11,8835133440,3816,,646
1629387766,3.31E+11,8835215360,3820,,647
1629387767,3.31E+11,8835125248,3824,,648
1629387769,3.32E+11,8862650368,3828,,650
1629387770,3.33E+11,8835219456,3832,,651
1629387771,3.34E+11,8844574720,3836,,652
1629387772,3.36E+11,8835080192,3840,,653
1629387773,3.36E+11,8835203072,3844,,654
1629387775,3.36E+11,8835325952,3848,,656
1629387776,3.36E+11,8835407872,3852,,657
1629387777,3.36E+11,8835424256,3856,,658
1629387778,3.36E+11,8835293184,3864,,659
1629387779,3.36E+11,8835002368,3868,,660
1629387781,3.36E+11,8835432448,3872,,662
1629387782,3.38E+11,8916471808,3876,,663
1629387783,3.39E+11,8835485696,3880,,664
1629387784,3.39E+11,8835399680,3884,,665
1629387785,3.39E+11,8835432448,3888,,666
1629387787,3.39E+11,8835387392,3892,,668
1629387788,3.39E+11,8835411968,3896,,669
1629387789,3.39E+11,8835469312,3900,,670
1629387790,3.39E+11,8835575808,3904,,671
1629387791,3.40E+11,8861081600,3908,,672
1629387792,3.42E+11,8835391488,3912,,673
1629387794,3.42E+11,8836595712,4108,,675
1629387795,3.42E+11,8836448256,4112,,676
1629387796,3.42E+11,8836407296,4116,,677
1629387797,3.42E+11,8836288512,4124,,678
1629387798,3.43E+11,8837746688,4128,,679
1629387800,3.45E+11,8836558848,4132,,681
1629387801,3.45E+11,8836509696,4136,,682
1629387802,3.47E+11,8882786304,4140,,683
1629387803,3.47E+11,8836251648,4144,,684
1629387804,3.47E+11,8836292608,4148,,685
1629387806,3.47E+11,8836177920,4152,,687
1629387807,3.47E+11,8836288512,4156,,688
1629387808,3.47E+11,8836067328,4160,,689
1629387809,3.47E+11,8836083712,4164,,690
1629387810,3.47E+11,8835923968,4168,,691
1629387811,3.49E+11,8882872320,4172,,692
1629387813,3.50E+11,8836206592,4176,,694
1629387814,3.50E+11,8836136960,4180,,695
1629387815,3.50E+11,8836272128,4184,,696
1629387816,3.50E+11,8836485120,4192,,697
1629387817,3.50E+11,8836186112,4196,,698
1629387819,3.50E+11,8836157440,4200,,700
1629387820,3.50E+11,8836304896,4204,,701
1629387821,3.51E+11,8836263936,4208,,702
1629387822,3.53E+11,8836263936,4212,,703
1629387823,3.53E+11,8836198400,4216,,704
1629387824,3.53E+11,8836333568,4220,,705
1629387826,3.53E+11,8836349952,4224,,707
1629387827,3.53E+11,8836300800,4228,,708
1629387828,3.53E+11,8836210688,4232,,709
1629387829,3.55E+11,8912920576,4236,,710
1629387830,3.56E+11,8836251648,4240,,711
1629387832,3.57E+11,8904921088,4244,,713
1629387833,3.58E+11,8836435968,4248,,714
1629387834,3.58E+11,8836550656,4252,,715
1629387835,3.58E+11,8836562944,4256,,716
1629387836,3.58E+11,8836562944,4260,,717
1629387837,3.58E+11,8836579328,4264,,718
1629387839,3.58E+11,8836653056,4268,,720
1629387840,3.58E+11,8836374528,4272,,721
1629387841,3.59E+11,8842076160,4280,,722
1629387842,3.60E+11,8836472832,4284,,723
1629387843,3.61E+11,8836407296,4288,,724
1629387845,3.61E+11,8836444160,4292,,726
1629387846,3.61E+11,8836403200,4296,,727
1629387847,3.61E+11,8836485120,4300,,728
1629387848,3.61E+11,8836386816,4304,,729
1629387849,3.61E+11,8836526080,4308,,730
1629387851,3.61E+11,8836476928,4312,,732
1629387852,3.63E+11,8911015936,4316,,733
1629387853,3.63E+11,8836620288,4320,,734
1629387854,3.63E+11,8836321280,4324,,735
1629387855,3.64E+11,8836300800,4328,,736
1629387857,3.64E+11,8836235264,4332,,738
1629387858,3.64E+11,8836362240,4336,,739
1629387859,3.65E+11,8886116352,4340,,740
1629387860,3.66E+11,8836440064,4348,,741
1629387861,3.66E+11,8862523392,4352,,742
1629387862,3.68E+11,8836644864,4356,,743
1629387864,3.68E+11,8837005312,4360,,745
1629387865,3.68E+11,8836640768,4364,,746
1629387866,3.68E+11,8836902912,4368,,747
1629387867,3.69E+11,8836325376,4372,,748
1629387868,3.69E+11,8836706304,4376,,749
1629387870,3.69E+11,8836653056,4380,,751
1629387871,3.69E+11,8836624384,4384,,752
1629387872,3.71E+11,8920264704,4388,,753
1629387873,3.71E+11,8836591616,4392,,754
1629387874,3.71E+11,8836612096,4396,,755
1629387875,3.72E+11,8836907008,4400,,756
1629387877,3.72E+11,8836722688,4404,,758
1629387878,3.72E+11,8836890624,4408,,759
1629387879,3.72E+11,8836919296,4412,,760
1629387880,3.72E+11,8836788224,4416,,761
1629387881,3.73E+11,8877944832,4420,,762
1629387883,3.74E+11,8836648960,4424,,764
1629387884,3.74E+11,8836702208,4428,,765
1629387885,3.74E+11,8836722688,4432,,766
1629387886,3.75E+11,8836485120,4436,,767
1629387887,3.75E+11,8836739072,4444,,768
1629387888,3.75E+11,8845144064,4448,,769
1629387890,3.77E+11,8836907008,4452,,771
1629387891,3.77E+11,8836915200,4456,,772
1629387892,3.79E+11,8837156864,4460,,773
1629387893,3.79E+11,8837275648,4464,,774
1629387894,3.79E+11,8837099520,4468,,775
1629387896,3.79E+11,8836882432,4472,,777
1629387897,3.80E+11,8837132288,4476,,778
1629387898,3.80E+11,8836812800,4480,,779
1629387899,3.80E+11,8836784128,4484,,780
1629387900,3.80E+11,8836792320,4488,,781
1629387902,3.81E+11,8904552448,4492,,783
1629387903,3.82E+11,8837050368,4496,,784
1629387904,3.82E+11,8837029888,4500,,785
1629387905,3.82E+11,8837201920,4504,,786
1629387906,3.82E+11,8837074944,4508,,787
1629387908,3.82E+11,8836739072,4512,,789
1629387909,3.83E+11,8836976640,4516,,790
1629387910,3.83E+11,8837115904,4520,,791
1629387911,3.83E+11,8844967936,4524,,792
1629387912,3.85E+11,8837120000,4528,,793
1629387913,3.85E+11,8837312512,4532,,794
1629387915,3.85E+11,8837324800,4536,,796
1629387916,3.85E+11,8837275648,4540,,797
1629387917,3.85E+11,8837427200,4548,,798
1629387918,3.86E+11,8837201920,4552,,799
1629387919,3.88E+11,8922980352,4556,,800
1629387921,3.88E+11,8837165056,4560,,802
1629387922,3.89E+11,8910225408,4564,,803
1629387923,3.90E+11,8837070848,4568,,804
1629387924,3.90E+11,8836898816,4572,,805
1629387925,3.90E+11,8836972544,4576,,806
1629387926,3.90E+11,8837050368,4580,,807
1629387928,3.90E+11,8836911104,4584,,809
1629387929,3.91E+11,8837353472,4588,,810
1629387930,3.91E+11,8836861952,4592,,811
1629387931,3.91E+11,8864612352,4596,,812
1629387932,3.93E+11,8837070848,4600,,813
1629387934,3.93E+11,8837095424,4604,,815
1629387935,3.93E+11,8837226496,4612,,816
1629387936,3.93E+11,8837017600,4616,,817
1629387937,3.93E+11,8837054464,4620,,818
1629387938,3.93E+11,8837189632,4624,,819
1629387940,3.94E+11,8837087232,4628,,821
1629387941,3.94E+11,8837423104,4632,,822
1629387942,3.96E+11,8919527424,4636,,823
1629387943,3.96E+11,8836919296,4640,,824
1629387944,3.96E+11,8837156864,4644,,825
1629387945,3.96E+11,8837300224,4648,,826
1629387947,3.96E+11,8837197824,4652,,828
1629387948,3.96E+11,8837275648,4656,,829
1629387949,3.98E+11,8904015872,4660,,830
1629387950,3.99E+11,8837357568,4664,,831
1629387951,3.99E+11,8876269568,4668,,832
1629387953,4.01E+11,8837226496,4672,,834
1629387954,4.01E+11,8837472256,4676,,835
1629387955,4.01E+11,8837705728,4680,,836
1629387956,4.01E+11,8837496832,4688,,837
1629387957,4.01E+11,8837328896,4692,,838
1629387958,4.01E+11,8837488640,4696,,839
1629387960,4.01E+11,8837545984,4700,,841
1629387961,4.02E+11,8837496832,4704,,842
1629387962,4.04E+11,8838066176,4708,,843
1629387963,4.04E+11,8837570560,4712,,844
1629387964,4.04E+11,8837468160,4716,,845
1629387966,4.04E+11,8837464064,4720,,847
1629387967,4.04E+11,8837480448,4724,,848
1629387968,4.04E+11,8837324800,4728,,849
1629387969,4.04E+11,8837623808,4732,,850
1629387970,4.04E+11,8837750784,4736,,851
1629387971,4.05E+11,8889167872,4740,,852
1629387973,4.06E+11,8837230592,4744,,854
1629387974,4.07E+11,8837750784,4752,,855
1629387975,4.07E+11,8837259264,4756,,856
1629387976,4.07E+11,8837525504,4760,,857
1629387977,4.07E+11,8837382144,4764,,858
1629387979,4.07E+11,8859107328,4768,,860
1629387980,4.09E+11,8837431296,4772,,861
1629387981,4.09E+11,8842035200,4776,,862
1629387982,4.11E+11,8837488640,4780,,863
1629387983,4.11E+11,8837341184,4784,,864
1629387985,4.11E+11,8837283840,4788,,866
1629387986,4.12E+11,8837533696,4792,,867
1629387987,4.12E+11,8837607424,4796,,868
1629387988,4.12E+11,8837275648,4800,,869
1629387989,4.12E+11,8837578752,4804,,870
1629387990,4.12E+11,8837476352,4812,,871
1629387992,4.13E+11,8900534272,4816,,873
1629387993,4.14E+11,8837611520,4820,,874
1629387994,4.14E+11,8837718016,4824,,875
1629387995,4.15E+11,8837414912,4828,,876
1629387996,4.15E+11,8837275648,4832,,877
1629387998,4.15E+11,8837558272,4836,,879
1629387999,4.15E+11,8837672960,4840,,880
1629388000,4.15E+11,8837656576,4844,,881
1629388001,4.15E+11,8847585280,4848,,882
1629388002,4.17E+11,8837758976,4852,,883
1629388003,4.17E+11,8837505024,4856,,884
1629388005,4.18E+11,8837586944,4860,,886
1629388006,4.18E+11,8837586944,4864,,887
1629388007,4.18E+11,8837476352,4868,,888
1629388008,4.18E+11,8837410816,4872,,889
1629388009,4.20E+11,8837885952,4876,,890
1629388011,4.20E+11,8837943296,4880,,892
1629388012,4.22E+11,8920195072,4884,,893
1629388013,4.22E+11,8837660672,4888,,894
1629388014,4.22E+11,8837541888,4892,,895
1629388015,4.22E+11,8837795840,4896,,896
1629388017,4.23E+11,8837586944,4900,,898
1629388018,4.23E+11,8837689344,4904,,899
1629388019,4.23E+11,8837681152,4908,,900
1629388020,4.23E+11,8837488640,4912,,901
1629388021,4.24E+11,8870748160,4916,,902
1629388023,4.25E+11,8837844992,4920,,904
1629388024,4.26E+11,8837582848,4924,,905
1629388025,4.26E+11,8837644288,4928,,906
1629388026,4.26E+11,8837885952,4928,,907
1629388027,4.26E+11,8837779456,4932,,908
1629388029,4.26E+11,8837935104,4936,,910
1629388030,4.26E+11,8837963776,4940,,911
1629388031,4.26E+11,8841715712,4944,,912
1629388032,4.29E+11,8837881856,4948,,913
1629388033,4.29E+11,8837988352,4952,,914
1629388035,4.29E+11,8837816320,4956,,916
1629388036,4.29E+11,8838029312,4960,,917
1629388037,4.29E+11,8837980160,4964,,918
1629388038,4.29E+11,8837644288,4968,,919
1629388039,4.31E+11,8920399872,4972,,920
1629388041,4.32E+11,8837689344,4976,,922
1629388042,4.33E+11,8913633280,4980,,923
1629388043,4.34E+11,8837545984,4984,,924
1629388044,4.34E+11,8837259264,4988,,925
1629388045,4.34E+11,8837140480,4992,,926
1629388047,4.35E+11,8837492736,4996,,928
1629388048,4.35E+11,8837287936,5000,,929
1629388049,4.35E+11,8837267456,5004,,930
1629388050,4.35E+11,8837300224,5008,,931
1629388051,4.36E+11,8877457408,5012,,932
1629388053,4.37E+11,8837578752,5016,,934
1629388054,4.38E+11,8837771264,5016,,935
1629388055,4.38E+11,8837423104,5020,,936
1629388056,4.38E+11,8837746688,5024,,937
1629388057,4.38E+11,8837484544,5028,,938
1629388059,4.38E+11,8837480448,5032,,940
1629388060,4.38E+11,8837287936,5036,,941
1629388061,4.38E+11,8844152832,5040,,942
1629388062,4.41E+11,8837738496,5044,,943
1629388063,4.41E+11,8837476352,5048,,944
1629388065,4.41E+11,8837332992,5052,,946
1629388066,4.41E+11,8837599232,5056,,947
1629388067,4.41E+11,8837353472,5060,,948
1629388068,4.41E+11,8837431296,5064,,949
1629388069,4.43E+11,8922648576,5068,,950
1629388071,4.44E+11,8837615616,5072,,952
1629388072,4.45E+11,8911880192,5076,,953
1629388073,4.46E+11,8837447680,5080,,954
1629388074,4.46E+11,8837799936,5084,,955
1629388075,4.46E+11,8837505024,5088,,956
1629388077,4.46E+11,8837808128,5092,,958
1629388078,4.46E+11,8837713920,5096,,959
1629388079,4.47E+11,8837611520,5100,,960
1629388080,4.47E+11,8838049792,5104,,961
1629388081,4.48E+11,8876990464,5108,,962
1629388083,4.49E+11,8838332416,5112,,964
1629388084,4.49E+11,8837832704,5116,,965
1629388085,4.49E+11,8838115328,5120,,966
1629388086,4.49E+11,8838053888,5124,,967
1629388087,4.50E+11,8838111232,5128,,968
1629388089,4.50E+11,8838148096,5132,,970
1629388090,4.50E+11,8837844992,5136,,971
1629388091,4.50E+11,8840216576,5140,,972
1629388092,4.52E+11,8838103040,5144,,973
1629388093,4.53E+11,8838021120,5344,,974
1629388095,4.53E+11,8838311936,5348,,976
1629388096,4.53E+11,8838504448,5352,,977
1629388097,4.53E+11,8838422528,5356,,978
1629388098,4.53E+11,8838111232,5360,,979
1629388099,4.55E+11,8923766784,5364,,980
1629388101,4.55E+11,8838004736,5368,,982
1629388102,4.57E+11,8916131840,5372,,983
1629388103,4.58E+11,8837816320,5376,,984
1629388104,4.58E+11,8837943296,5380,,985
1629388105,4.58E+11,8838291456,5384,,986
1629388107,4.58E+11,8837951488,5388,,988
1629388108,4.58E+11,8838242304,5392,,989
1629388109,4.58E+11,8838123520,5396,,990
1629388110,4.59E+11,8838176768,5400,,991
1629388111,4.59E+11,8875663360,5404,,992
1629388113,4.61E+11,8838070272,5408,,994
1629388114,4.61E+11,8838139904,5412,,995
1629388115,4.61E+11,8838397952,5416,,996
1629388116,4.61E+11,8838434816,5420,,997
1629388117,4.61E+11,8838430720,5424,,998
1629388119,4.61E+11,8838201344,5428,,1000
1629388120,4.62E+11,8838565888,5432,,1001
1629388121,4.62E+11,8840060928,5436,,1002
1629388122,4.64E+11,8838320128,5440,,1003
1629388123,4.64E+11,8838418432,5444,,1004
1629388125,4.64E+11,8838344704,5452,,1006
1629388126,4.64E+11,8838475776,5456,,1007
1629388127,4.64E+11,8838307840,5460,,1008
1629388128,4.64E+11,8838115328,5464,,1009
1629388129,4.66E+11,8920817664,5468,,1010
1629388130,4.67E+11,8838361088,5472,,1011
1629388132,4.68E+11,8907292672,5476,,1013
1629388133,4.69E+11,8838336512,5480,,1014
1629388134,4.69E+11,8838135808,5484,,1015
1629388135,4.69E+11,8838197248,5488,,1016
1629388136,4.69E+11,8838238208,5492,,1017
1629388138,4.70E+11,8838258688,5496,,1019
1629388139,4.70E+11,8838361088,5500,,1020
1629388140,4.70E+11,8837955584,5504,,1021
1629388141,4.70E+11,8860024832,5508,,1022
1629388142,4.72E+11,8838307840,5512,,1023
1629388144,4.72E+11,8838066176,5516,,1025
1629388145,4.72E+11,8838352896,5520,,1026
1629388146,4.72E+11,8838602752,5524,,1027
1629388147,4.72E+11,8838270976,5528,,1028
1629388148,4.73E+11,8838320128,5532,,1029
1629388149,4.73E+11,8838205440,5536,,1030
1629388151,4.73E+11,8838610944,5540,,1032
1629388152,4.75E+11,8920907776,5544,,1033
1629388153,4.75E+11,8838299648,5548,,1034
1629388154,4.75E+11,8838406144,5552,,1035
1629388155,4.75E+11,8838180864,5556,,1036
1629388157,4.76E+11,8838651904,5560,,1038
1629388158,4.76E+11,8838615040,5564,,1039
1629388159,4.77E+11,8906706944,5572,,1040
1629388160,4.78E+11,8838504448,5576,,1041
1629388161,4.79E+11,8882806784,5580,,1042
1629388163,4.80E+11,8838643712,5584,,1044
1629388164,4.80E+11,8838467584,5588,,1045
1629388165,4.80E+11,8838524928,5592,,1046
1629388166,4.80E+11,8838791168,5596,,1047
1629388167,4.81E+11,8838619136,5600,,1048
1629388169,4.81E+11,8838668288,5604,,1050
1629388170,4.81E+11,8838647808,5608,,1051
1629388171,4.81E+11,8838307840,5612,,1052
1629388172,4.83E+11,8838258688,5616,,1053
1629388173,4.83E+11,8838131712,5620,,1054
1629388175,4.83E+11,8838311936,5624,,1056
1629388176,4.83E+11,8838356992,5628,,1057
1629388177,4.83E+11,8838320128,5632,,1058
1629388178,4.83E+11,8838230016,5636,,1059
1629388179,4.84E+11,8838086656,5644,,1060
1629388180,4.84E+11,8838086656,5648,,1061
1629388182,4.85E+11,8910053376,5652,,1063
1629388183,4.86E+11,8838332416,5656,,1064
1629388184,4.86E+11,8838336512,5660,,1065
1629388185,4.86E+11,8838524928,5664,,1066
1629388186,4.86E+11,8838664192,5668,,1067
1629388188,4.86E+11,8838537216,5672,,1069
1629388189,4.87E+11,8874778624,5676,,1070
1629388190,4.89E+11,8838381568,5680,,1071
1629388191,4.89E+11,8858853376,5684,,1072
1629388192,4.91E+11,8838660096,5688,,1073
1629388194,4.91E+11,8838721536,5692,,1075
1629388195,4.91E+11,8838721536,5700,,1076
1629388196,4.91E+11,8838676480,5704,,1077
1629388197,4.91E+11,8838492160,5708,,1078
1629388198,4.92E+11,8838463488,5712,,1079
1629388199,4.92E+11,8838434816,5716,,1080
1629388201,4.92E+11,8838098944,5720,,1082
1629388202,4.93E+11,8912797696,5724,,1083
1629388203,4.94E+11,8838344704,5728,,1084
1629388204,4.94E+11,8838729728,5732,,1085
1629388205,4.94E+11,8838406144,5736,,1086
1629388207,4.94E+11,8838553600,5740,,1088
1629388208,4.94E+11,8838512640,5744,,1089
1629388209,4.95E+11,8838365184,5748,,1090
1629388210,4.95E+11,8838692864,5752,,1091
1629388211,4.96E+11,8885567488,5756,,1092
1629388213,4.97E+11,8838569984,5760,,1094
1629388214,4.97E+11,8838807552,5764,,1095
1629388215,4.97E+11,8838569984,5768,,1096
1629388216,4.97E+11,8838639616,5772,,1097
1629388217,4.97E+11,8838668288,5776,,1098
1629388219,4.98E+11,8866238464,5780,,1100
1629388220,5.00E+11,8838873088,5784,,1101
1629388221,5.00E+11,8848093184,5788,,1102
1629388222,5.02E+11,8838631424,5792,,1103
1629388223,5.02E+11,8838561792,5796,,1104
1629388225,5.02E+11,8838619136,5800,,1106
1629388226,5.02E+11,8838889472,5804,,1107
1629388227,5.02E+11,8838782976,5808,,1108
1629388228,5.02E+11,8838742016,5816,,1109
1629388229,5.03E+11,8838680576,5820,,1110
1629388231,5.03E+11,8838647808,5824,,1112
1629388232,5.04E+11,8918749184,5828,,1113
1629388233,5.05E+11,8838934528,5832,,1114
1629388234,5.05E+11,8838918144,5836,,1115
1629388235,5.05E+11,8838815744,5840,,1116
1629388237,5.05E+11,8838877184,5844,,1118
1629388238,5.05E+11,8838881280,5848,,1119
1629388239,5.05E+11,8838844416,5852,,1120
1629388240,5.05E+11,8838868992,5856,,1121
1629388241,5.06E+11,8874528768,5860,,1122
1629388243,5.08E+11,8839012352,5864,,1124
1629388244,5.08E+11,8838979584,5868,,1125
1629388245,5.08E+11,8839004160,5872,,1126
1629388246,5.08E+11,8839057408,5876,,1127
1629388247,5.08E+11,8839024640,5880,,1128
1629388248,5.08E+11,8842903552,5884,,1129
1629388250,5.10E+11,8838799360,5888,,1131
1629388251,5.10E+11,8838950912,5892,,1132
1629388252,5.13E+11,8838914048,5896,,1133
1629388253,5.13E+11,8838955008,5900,,1134
1629388254,5.13E+11,8838975488,5904,,1135
1629388256,5.13E+11,8838782976,5912,,1137
1629388257,5.13E+11,8839237632,5916,,1138
1629388258,5.13E+11,8838979584,5920,,1139
1629388259,5.13E+11,8838873088,5924,,1140
1629388260,5.13E+11,8838991872,5928,,1141
1629388261,5.14E+11,8883048448,5932,,1142
1629388263,5.16E+11,8838832128,5936,,1144
1629388264,5.16E+11,8838647808,5940,,1145
1629388265,5.16E+11,8838930432,5944,,1146
1629388266,5.16E+11,8838795264,5948,,1147
1629388267,5.16E+11,8838647808,5952,,1148
1629388269,5.16E+11,8838713344,5956,,1150
1629388270,5.16E+11,8838721536,5964,,1151
1629388271,5.16E+11,8838471680,5968,,1152
1629388272,5.19E+11,8839081984,5972,,1153
1629388273,5.19E+11,8838725632,5976,,1154
1629388275,5.19E+11,8839036928,5980,,1156
1629388276,5.19E+11,8838758400,5984,,1157
1629388277,5.19E+11,8838643712,5988,,1158
1629388278,5.19E+11,8838856704,5992,,1159
1629388279,5.21E+11,8921870336,5996,,1160
1629388280,5.21E+11,8838864896,6000,,1161
1629388282,5.23E+11,8909295616,6004,,1163
1629388283,5.23E+11,8838926336,6012,,1164
1629388284,5.24E+11,8838713344,6016,,1165
1629388285,5.24E+11,8839004160,6020,,1166
1629388286,5.24E+11,8838979584,6024,,1167
1629388288,5.24E+11,8838631424,6028,,1169
1629388289,5.24E+11,8838684672,6032,,1170
1629388290,5.24E+11,8838807552,6036,,1171
1629388291,5.25E+11,8849522688,6040,,1172
1629388292,5.26E+11,8838795264,6044,,1173
1629388293,5.27E+11,8838721536,6048,,1174
1629388295,5.27E+11,8838840320,6052,,1176
1629388296,5.27E+11,8838885376,6056,,1177
1629388297,5.27E+11,8838598656,6060,,1178
1629388298,5.27E+11,8838561792,6068,,1179
1629388299,5.27E+11,8838672384,6072,,1180
1629388301,5.27E+11,8838418432,6076,,1182
1629388302,5.29E+11,8911671296,6080,,1183
1629388303,5.30E+11,8838701056,6084,,1184
1629388304,5.30E+11,8838426624,6088,,1185
1629388305,5.30E+11,8838676480,6092,,1186
1629388306,5.30E+11,8838606848,6096,,1187
1629388308,5.30E+11,8838590464,6100,,1189
1629388309,5.31E+11,8883679232,6104,,1190
1629388310,5.32E+11,8838811648,6108,,1191
1629388311,5.33E+11,8861392896,6112,,1192
1629388312,5.34E+11,8839094272,6120,,1193
1629388314,5.34E+11,8838860800,6124,,1195
1629388315,5.35E+11,8838955008,6128,,1196
1629388316,5.35E+11,8839057408,6132,,1197
1629388317,5.35E+11,8838836224,6136,,1198
1629388318,5.35E+11,8839000064,6140,,1199
1629388319,5.35E+11,8839249920,6144,,1200
1629388321,5.35E+11,8838959104,6148,,1202
1629388322,5.37E+11,8920903680,6152,,1203
1629388323,5.37E+11,8839139328,6156,,1204
1629388324,5.37E+11,8839004160,6160,,1205
1629388325,5.38E+11,8839127040,6164,,1206
1629388327,5.38E+11,8839036928,6168,,1208
1629388328,5.38E+11,8838901760,6172,,1209
1629388329,5.38E+11,8838828032,6176,,1210
1629388330,5.38E+11,8838848512,6180,,1211
1629388331,5.39E+11,8869801984,6188,,1212
1629388333,5.40E+11,8839217152,6192,,1214
1629388334,5.40E+11,8838922240,6196,,1215
1629388335,5.41E+11,8838717440,6200,,1216
1629388336,5.41E+11,8838717440,6200,,1217
1629388337,5.41E+11,8838971392,6204,,1218
1629388338,5.41E+11,8845713408,6212,,1219
1629388340,5.43E+11,8838840320,6212,,1221
1629388341,5.43E+11,8838979584,6216,,1222
1629388342,5.45E+11,8922742784,6220,,1223
1629388343,5.46E+11,8838983680,6224,,1224
1629388344,5.46E+11,8839102464,6228,,1225
1629388346,5.46E+11,8839110656,6232,,1227
1629388347,5.46E+11,8839139328,6236,,1228
1629388348,5.46E+11,8839385088,6240,,1229
1629388349,5.46E+11,8839303168,6244,,1230
1629388350,5.47E+11,8839241728,6248,,1231
1629388352,5.48E+11,8907141120,6252,,1233
1629388353,5.49E+11,8838922240,6256,,1234
1629388354,5.49E+11,8838893568,6260,,1235
1629388355,5.49E+11,8838963200,6264,,1236
1629388356,5.49E+11,8839049216,6268,,1237
1629388358,5.49E+11,8838914048,6272,,1239
1629388359,5.50E+11,8839024640,6280,,1240
1629388360,5.50E+11,8838860800,6284,,1241
1629388361,5.50E+11,8865136640,6288,,1242
1629388362,5.52E+11,8838881280,6292,,1243
1629388364,5.52E+11,8839081984,6296,,1245
1629388365,5.52E+11,8838950912,6300,,1246
1629388366,5.52E+11,8839143424,6300,,1247
1629388367,5.53E+11,8838918144,6308,,1248
1629388368,5.53E+11,8844034048,6308,,1249
1629388370,5.55E+11,8839081984,6312,,1251
1629388371,5.55E+11,8839188480,6316,,1252
1629388372,5.57E+11,8926998528,6320,,1253
1629388373,5.58E+11,8839483392,6324,,1254
1629388374,5.58E+11,8839086080,6328,,1255
1629388376,5.58E+11,8839589888,6332,,1257
1629388377,5.58E+11,8839376896,6336,,1258
1629388378,5.58E+11,8839372800,6340,,1259
1629388379,5.58E+11,8839278592,6344,,1260
1629388380,5.58E+11,8839561216,6348,,1261
1629388382,5.60E+11,8908591104,6352,,1263
1629388383,5.61E+11,8839589888,6356,,1264
1629388384,5.61E+11,8839356416,6360,,1265
1629388385,5.61E+11,8839491584,6364,,1266
1629388386,5.61E+11,8839512064,6368,,1267
1629388388,5.61E+11,8839372800,6372,,1269
1629388389,5.61E+11,8839340032,6376,,1270
1629388390,5.62E+11,8839536640,6380,,1271
1629388391,5.62E+11,8865505280,6384,,1272
1629388392,5.64E+11,8839376896,6388,,1273
1629388394,5.64E+11,8839770112,6588,,1275
1629388395,5.64E+11,8839852032,6592,,1276
1629388396,5.64E+11,8839929856,6596,,1277
1629388397,5.64E+11,8839856128,6600,,1278
1629388398,5.65E+11,8847257600,6604,,1279
1629388400,5.67E+11,8839835648,6608,,1281
1629388401,5.67E+11,8843620352,6612,,1282
1629388402,5.69E+11,8840032256,6616,,1283
1629388403,5.69E+11,8839532544,6620,,1284
1629388405,5.69E+11,8839835648,6624,,1286
1629388406,5.70E+11,8839585792,6628,,1287
1629388407,5.70E+11,8839659520,6632,,1288
1629388408,5.70E+11,8839774208,6636,,1289
1629388409,5.70E+11,8839782400,6640,,1290
1629388411,5.70E+11,8839925760,6644,,1292
1629388412,5.72E+11,8910786560,6648,,1293
1629388413,5.72E+11,8839720960,6652,,1294
1629388414,5.73E+11,8839561216,6656,,1295
1629388415,5.73E+11,8839827456,6660,,1296
1629388416,5.73E+11,8839692288,6664,,1297
1629388418,5.73E+11,8839692288,6668,,1299
1629388419,5.73E+11,8839647232,6672,,1300
1629388420,5.73E+11,8839364608,6680,,1301
1629388421,5.74E+11,8865325056,6684,,1302
1629388422,5.76E+11,8839618560,6688,,1303
1629388424,5.76E+11,8839786496,6692,,1305
1629388425,5.76E+11,8840007680,6696,,1306
1629388426,5.76E+11,8839929856,6700,,1307
1629388427,5.76E+11,8839761920,6704,,1308
1629388428,5.76E+11,8844091392,6708,,1309
1629388430,5.79E+11,8839938048,6712,,1311
1629388431,5.79E+11,8839790592,6716,,1312
1629388432,5.81E+11,8926388224,6720,,1313
1629388433,5.81E+11,8840101888,6724,,1314
1629388434,5.81E+11,8840224768,6728,,1315
1629388436,5.81E+11,8839872512,6732,,1317
1629388437,5.81E+11,8840065024,6736,,1318
1629388438,5.81E+11,8840077312,6740,,1319
1629388439,5.82E+11,8840122368,6744,,1320
1629388440,5.82E+11,8840462336,6748,,1321
1629388442,5.83E+11,8893886464,6752,,1323
1629388443,5.84E+11,8840228864,6756,,1324
1629388444,5.84E+11,8840245248,6764,,1325
1629388445,5.84E+11,8840077312,6768,,1326
1629388446,5.84E+11,8840171520,6772,,1327
1629388448,5.84E+11,8839921664,6776,,1329
1629388449,5.85E+11,8840212480,6780,,1330
1629388450,5.85E+11,8840122368,6784,,1331
1629388451,5.85E+11,8849629184,6788,,1332
1629388452,5.87E+11,8839905280,6792,,1333
1629388453,5.87E+11,8839958528,6796,,1334
1629388455,5.87E+11,8839966720,6800,,1336
1629388456,5.87E+11,8839897088,6804,,1337
1629388457,5.87E+11,8840060928,6808,,1338
1629388458,5.88E+11,8839933952,6812,,1339
1629388460,5.90E+11,8839946240,6816,,1341
1629388461,5.90E+11,8840269824,6820,,1342
1629388462,5.92E+11,8925941760,6824,,1343
1629388463,5.92E+11,8840388608,6828,,1344
1629388464,5.92E+11,8840151040,6832,,1345
1629388466,5.93E+11,8840032256,6836,,1347
1629388467,5.93E+11,8840122368,6840,,1348
1629388468,5.93E+11,8840183808,6844,,1349
1629388469,5.93E+11,8840249344,6852,,1350
1629388470,5.93E+11,8840073216,6856,,1351
1629388472,5.94E+11,8895954944,6860,,1353
1629388473,5.96E+11,8840126464,6864,,1354
1629388474,5.96E+11,8840007680,6868,,1355
1629388475,5.96E+11,8840040448,6872,,1356
1629388476,5.96E+11,8840126464,6876,,1357
1629388478,5.96E+11,8840187904,6880,,1359
1629388479,5.96E+11,8840220672,6884,,1360
1629388480,5.96E+11,8840134656,6888,,1361
1629388481,5.97E+11,8857530368,6892,,1362
1629388482,5.99E+11,8840019968,6896,,1363
1629388484,5.99E+11,8840175616,6900,,1365
1629388485,5.99E+11,8840085504,6904,,1366
1629388486,5.99E+11,8840323072,6908,,1367
1629388487,5.99E+11,8840585216,6912,,1368
1629388488,6.00E+11,8840646656,6916,,1369
1629388490,6.02E+11,8840675328,6920,,1371
1629388491,6.02E+11,8840364032,6924,,1372
1629388492,6.04E+11,8926314496,6928,,1373
1629388493,6.04E+11,8840749056,6936,,1374
1629388494,6.04E+11,8840609792,6940,,1375
1629388496,6.04E+11,8840671232,6944,,1377
1629388497,6.04E+11,8840605696,6948,,1378
1629388498,6.05E+11,8840622080,6952,,1379
1629388499,6.05E+11,8840671232,6956,,1380
1629388500,6.05E+11,8840663040,6960,,1381
1629388501,6.06E+11,8884727808,6964,,1382
1629388503,6.07E+11,8840314880,6968,,1384
1629388504,6.07E+11,8840450048,6972,,1385
1629388505,6.07E+11,8840654848,6976,,1386
1629388506,6.08E+11,8840388608,6980,,1387
1629388507,6.08E+11,8840294400,6984,,1388
1629388509,6.08E+11,8840531968,6988,,1390
1629388510,6.08E+11,8840523776,6992,,1391
1629388511,6.08E+11,8843145216,6996,,1392
1629388512,6.10E+11,8840769536,7000,,1393
1629388513,6.11E+11,8840650752,7004,,1394
1629388515,6.11E+11,8840380416,7008,,1396
1629388516,6.11E+11,8840650752,7012,,1397
1629388517,6.11E+11,8840622080,7016,,1398
1629388518,6.11E+11,8840527872,7024,,1399
1629388519,6.13E+11,8921624576,7028,,1400
1629388521,6.13E+11,8840933376,7032,,1402
1629388522,6.15E+11,8915955712,7032,,1403
1629388523,6.16E+11,8840904704,7036,,1404
1629388524,6.16E+11,8840863744,7040,,1405
1629388525,6.16E+11,8840675328,7048,,1406
1629388527,6.16E+11,8840818688,7052,,1408
1629388528,6.16E+11,8840658944,7056,,1409
1629388529,6.17E+11,8840814592,7060,,1410
1629388530,6.17E+11,8841080832,7064,,1411
1629388531,6.18E+11,8880660480,7068,,1412
1629388533,6.19E+11,8840884224,7072,,1414
1629388534,6.19E+11,8840986624,7076,,1415
1629388535,6.19E+11,8840654848,7080,,1416
1629388536,6.19E+11,8840536064,7084,,1417
1629388537,6.20E+11,8840499200,7088,,1418
1629388539,6.20E+11,8840454144,7092,,1420
1629388540,6.20E+11,8840622080,7096,,1421
1629388541,6.20E+11,8840691712,7100,,1422
1629388542,6.22E+11,8840818688,7104,,1423
1629388543,6.22E+11,8840863744,7108,,1424
1629388545,6.22E+11,8840892416,7112,,1426
1629388546,6.22E+11,8840663040,7116,,1427
1629388547,6.23E+11,8840925184,7120,,1428
1629388548,6.23E+11,8840597504,7124,,1429
1629388549,6.25E+11,8924241920,7128,,1430
1629388551,6.25E+11,8840921088,7132,,1432
1629388552,6.27E+11,8911761408,7140,,1433
1629388553,6.27E+11,8840966144,7144,,1434
1629388554,6.27E+11,8840769536,7148,,1435
1629388555,6.28E+11,8841129984,7152,,1436
1629388557,6.28E+11,8841056256,7156,,1438
1629388558,6.28E+11,8840933376,7160,,1439
1629388559,6.28E+11,8840585216,7164,,1440
1629388560,6.28E+11,8840982528,7168,,1441
1629388561,6.29E+11,8866201600,7172,,1442
1629388562,6.30E+11,8840843264,7176,,1443
1629388564,6.31E+11,8840945664,7180,,1445
1629388565,6.31E+11,8840781824,7184,,1446
1629388566,6.31E+11,8840687616,7188,,1447
1629388567,6.31E+11,8840765440,7192,,1448
1629388568,6.31E+11,8840957952,7196,,1449
1629388570,6.31E+11,8840949760,7200,,1451
1629388571,6.31E+11,8840986624,7204,,1452
1629388572,6.33E+11,8924467200,7208,,1453
1629388573,6.34E+11,8841097216,7212,,1454
1629388574,6.34E+11,8840966144,7220,,1455
1629388576,6.34E+11,8841195520,7224,,1457
1629388577,6.34E+11,8841363456,7228,,1458
1629388578,6.34E+11,8841412608,7232,,1459
1629388579,6.36E+11,8912658432,7236,,1460
1629388580,6.36E+11,8841420800,7240,,1461
1629388582,6.38E+11,8891850752,7244,,1463
1629388583,6.39E+11,8841408512,7248,,1464
1629388584,6.39E+11,8841146368,7252,,1465
1629388585,6.39E+11,8841428992,7256,,1466
1629388586,6.39E+11,8841375744,7260,,1467
1629388588,6.39E+11,8841564160,7264,,1469
1629388589,6.39E+11,8841662464,7268,,1470
1629388590,6.39E+11,8841371648,7272,,1471
1629388591,6.40E+11,8852246528,7276,,1472
1629388592,6.42E+11,8841535488,7280,,1473
1629388593,6.42E+11,8841240576,7284,,1474
1629388595,6.42E+11,8841342976,7288,,1476
1629388596,6.42E+11,8841170944,7292,,1477
1629388597,6.42E+11,8841244672,7296,,1478
1629388598,6.42E+11,8841248768,7304,,1479
1629388599,6.43E+11,8841060352,7308,,1480
1629388601,6.43E+11,8841129984,7312,,1482
1629388602,6.44E+11,8915685376,7316,,1483
1629388603,6.45E+11,8841084928,7320,,1484
1629388604,6.45E+11,8840970240,7324,,1485
1629388605,6.45E+11,8840990720,7328,,1486
1629388607,6.45E+11,8841068544,7332,,1488
1629388608,6.45E+11,8841027584,7336,,1489
1629388609,6.47E+11,8893497344,7344,,1490
1629388610,6.48E+11,8841248768,7348,,1491
1629388611,6.48E+11,8869314560,7352,,1492
1629388612,6.50E+11,8841310208,7356,,1493
1629388614,6.50E+11,8841256960,7360,,1495
1629388615,6.50E+11,8841342976,7364,,1496
1629388616,6.50E+11,8841248768,7368,,1497
1629388617,6.50E+11,8841125888,7372,,1498
1629388618,6.51E+11,8840892416,7376,,1499
1629388620,6.51E+11,8841252864,7380,,1501
1629388621,6.51E+11,8841383936,7384,,1502
1629388622,6.53E+11,8929132544,7392,,1503
1629388623,6.53E+11,8841740288,7396,,1504
1629388624,6.53E+11,8841216000,7400,,1505
1629388626,6.53E+11,8841523200,7404,,1507
1629388627,6.53E+11,8841072640,7408,,1508
1629388628,6.53E+11,8841433088,7412,,1509
1629388629,6.54E+11,8841510912,7416,,1510
1629388630,6.54E+11,8841658368,7420,,1511
1629388631,6.55E+11,8885370880,7424,,1512
1629388633,6.56E+11,8841314304,7428,,1514
1629388634,6.56E+11,8841256960,7432,,1515
1629388635,6.56E+11,8841265152,7436,,1516
1629388636,6.56E+11,8841195520,7440,,1517
1629388637,6.56E+11,8841363456,7444,,1518
1629388639,6.57E+11,8860516352,7448,,1520
1629388640,6.59E+11,8841371648,7452,,1521
1629388641,6.59E+11,8843104256,7460,,1522
1629388642,6.61E+11,8841375744,7464,,1523
1629388643,6.61E+11,8841048064,7468,,1524
1629388645,6.61E+11,8841244672,7472,,1526
1629388646,6.61E+11,8841101312,7476,,1527
1629388647,6.61E+11,8841170944,7480,,1528
1629388648,6.61E+11,8841207808,7484,,1529
1629388649,6.62E+11,8841351168,7488,,1530
1629388650,6.62E+11,8841220096,7492,,1531
1629388652,6.63E+11,8909996032,7496,,1533
1629388653,6.64E+11,8841388032,7500,,1534
1629388654,6.64E+11,8841252864,7504,,1535
1629388655,6.64E+11,8841347072,7508,,1536
1629388656,6.64E+11,8841375744,7516,,1537
1629388658,6.65E+11,8841355264,7520,,1539
1629388659,6.65E+11,8841150464,7524,,1540
1629388660,6.65E+11,8841125888,7528,,1541
1629388661,6.65E+11,8853192704,7532,,1542
1629388662,6.67E+11,8841289728,7536,,1543
1629388663,6.67E+11,8841519104,7540,,1544
1629388665,6.67E+11,8841273344,7544,,1546
1629388666,6.67E+11,8841486336,7548,,1547
1629388667,6.68E+11,8841383936,7552,,1548
1629388668,6.68E+11,8841523200,7556,,1549
1629388669,6.70E+11,8924327936,7560,,1550
1629388671,6.70E+11,8841363456,7564,,1552
1629388672,6.72E+11,8915607552,7568,,1553
1629388673,6.72E+11,8841478144,7572,,1554
1629388674,6.72E+11,8841351168,7576,,1555
1629388675,6.73E+11,8841596928,7580,,1556
1629388677,6.73E+11,8841625600,7584,,1558
1629388678,6.73E+11,8841674752,7588,,1559
1629388679,6.73E+11,8841396224,7592,,1560
1629388680,6.73E+11,8841281536,7596,,1561
1629388681,6.74E+11,8881217536,7600,,1562
1629388683,6.75E+11,8841478144,7608,,1564
1629388684,6.75E+11,8841199616,7612,,1565
1629388685,6.76E+11,8840790016,7616,,1566
1629388686,6.76E+11,8841256960,7620,,1567
1629388687,6.76E+11,8841535488,7624,,1568
1629388688,6.76E+11,8841138176,7628,,1569
1629388690,6.76E+11,8841367552,7632,,1571
1629388691,6.76E+11,8841338880,7636,,1572
1629388692,6.78E+11,8928800768,7640,,1573
1629388693,6.78E+11,8841408512,7644,,1574
1629388694,6.79E+11,8841428992,7844,,1575
1629388696,6.79E+11,8841662464,7848,,1577
1629388697,6.79E+11,8841736192,7852,,1578
1629388698,6.79E+11,8841723904,7856,,1579
1629388699,6.81E+11,8914804736,7860,,1580
1629388700,6.81E+11,8841793536,7864,,1581
1629388702,6.83E+11,8901324800,7868,,1583
1629388703,6.84E+11,8842145792,7872,,1584
1629388704,6.84E+11,8841863168,7876,,1585
1629388705,6.84E+11,8841818112,7880,,1586
1629388706,6.84E+11,8841867264,7884,,1587
1629388707,6.84E+11,8841760768,7888,,1588
1629388709,6.84E+11,8842031104,7892,,1590
1629388710,6.84E+11,8842096640,7896,,1591
1629388711,6.85E+11,8848416768,7900,,1592
1629388712,6.87E+11,8842117120,7904,,1593
1629388713,6.87E+11,8842043392,7908,,1594
1629388715,6.87E+11,8842129408,7912,,1596
1629388716,6.87E+11,8841662464,7916,,1597
1629388717,6.87E+11,8841531392,7920,,1598
1629388718,6.87E+11,8841703424,7928,,1599
1629388719,6.87E+11,8841351168,7932,,1600
1629388721,6.87E+11,8841637888,7936,,1602
1629388722,6.89E+11,8918196224,7940,,1603
1629388723,6.90E+11,8841924608,7944,,1604
1629388724,6.90E+11,8841728000,7948,,1605
1629388725,6.90E+11,8841789440,7952,,1606
1629388727,6.90E+11,8841773056,7956,,1608
1629388728,6.90E+11,8841510912,7960,,1609
1629388729,6.91E+11,8889454592,7964,,1610
1629388730,6.92E+11,8841760768,7968,,1611
1629388731,6.93E+11,8873291776,7972,,1612
1629388732,6.95E+11,8841863168,7976,,1613
1629388734,6.95E+11,8841875456,7980,,1615
1629388735,6.95E+11,8841240576,7984,,1616
1629388736,6.95E+11,8841916416,7988,,1617
1629388737,6.95E+11,8841592832,7992,,1618
1629388738,6.95E+11,8841469952,7996,,1619
1629388740,6.95E+11,8841752576,8000,,1621
1629388741,6.95E+11,8841965568,8004,,1622
1629388742,6.97E+11,8925106176,8008,,1623
1629388743,6.98E+11,8841752576,8016,,1624
1629388744,6.98E+11,8841519104,8020,,1625
1629388746,6.98E+11,8841666560,8024,,1627
1629388747,6.98E+11,8841670656,8028,,1628
1629388748,6.98E+11,8841678848,8032,,1629
1629388749,6.98E+11,8841691136,8036,,1630
1629388750,6.98E+11,8841396224,8040,,1631
1629388751,7.00E+11,8891011072,8044,,1632
1629388753,7.01E+11,8841535488,8048,,1634
1629388754,7.01E+11,8841883648,8052,,1635
1629388755,7.01E+11,8841744384,8056,,1636
1629388756,7.01E+11,8841789440,8060,,1637
1629388757,7.01E+11,8841924608,8064,,1638
1629388759,7.02E+11,8863223808,8072,,1640
1629388760,7.03E+11,8842031104,8076,,1641
1629388761,7.04E+11,8844898304,8080,,1642
1629388762,7.06E+11,8842055680,8084,,1643
1629388763,7.06E+11,8842072064,8088,,1644
1629388765,7.06E+11,8841834496,8092,,1646
1629388766,7.06E+11,8841826304,8096,,1647
1629388767,7.06E+11,8841859072,8100,,1648
1629388768,7.06E+11,8841854976,8104,,1649
1629388769,7.06E+11,8841830400,8108,,1650
1629388770,7.07E+11,8841887744,8112,,1651
1629388772,7.08E+11,8905797632,8116,,1653
1629388773,7.09E+11,8841998336,8120,,1654
1629388774,7.09E+11,8842010624,8124,,1655
1629388775,7.09E+11,8841912320,8128,,1656
1629388776,7.09E+11,8841916416,8132,,1657
1629388778,7.09E+11,8841916416,8136,,1659
1629388779,7.09E+11,8841940992,8140,,1660
1629388780,7.10E+11,8842055680,8144,,1661
1629388781,7.10E+11,8860254208,8152,,1662
1629388782,7.12E+11,8842018816,8156,,1663
1629388784,7.12E+11,8842272768,8160,,1665
1629388785,7.12E+11,8842051584,8164,,1666
1629388786,7.12E+11,8842055680,8168,,1667
1629388787,7.12E+11,8841994240,8172,,1668
1629388788,7.12E+11,8842153984,8176,,1669
1629388789,7.15E+11,8842395648,8180,,1670
1629388791,7.15E+11,8841875456,8184,,1672
1629388792,7.16E+11,8918806528,8188,,1673
1629388793,7.17E+11,8842084352,8192,,1674
1629388794,7.17E+11,8842174464,8196,,1675
1629388795,7.17E+11,8842182656,8200,,1676
1629388797,7.17E+11,8842137600,8208,,1678
1629388798,7.17E+11,8842481664,8212,,1679
1629388799,7.17E+11,8841994240,8216,,1680
1629388800,7.18E+11,8842272768,8220,,1681
1629388801,7.18E+11,8872058880,8224,,1682
1629388803,7.20E+11,8841781248,8228,,1684
1629388804,7.20E+11,8842072064,8232,,1685
1629388805,7.20E+11,8842182656,8236,,1686
1629388806,7.20E+11,8842231808,8240,,1687
1629388807,7.20E+11,8842194944,8244,,1688
1629388808,7.21E+11,8842170368,8248,,1689
1629388810,7.21E+11,8842371072,8252,,1691
1629388811,7.21E+11,8842190848,8256,,1692
1629388812,7.23E+11,8924413952,8260,,1693
1629388813,7.23E+11,8842231808,8264,,1694
1629388814,7.23E+11,8842313728,8268,,1695
1629388815,7.23E+11,8842014720,8272,,1696
1629388817,7.24E+11,8841936896,8276,,1698
1629388818,7.24E+11,8842203136,8280,,1699
1629388819,7.25E+11,8911028224,8284,,1700
1629388820,7.26E+11,8842231808,8292,,1701
1629388821,7.27E+11,8879267840,8296,,1702
1629388823,7.28E+11,8842395648,8300,,1704
1629388824,7.28E+11,8842690560,8304,,1705
1629388825,7.29E+11,8842661888,8308,,1706
1629388826,7.29E+11,8842412032,8312,,1707
1629388827,7.29E+11,8842534912,8316,,1708
1629388829,7.29E+11,8842461184,8320,,1710
1629388830,7.29E+11,8842428416,8324,,1711
1629388831,7.29E+11,8842412032,8328,,1712
1629388832,7.31E+11,8928546816,8332,,1713
1629388833,7.32E+11,8842383360,8336,,1714
1629388834,7.32E+11,8842244096,8340,,1715
1629388836,7.32E+11,8842403840,8344,,1717
1629388837,7.32E+11,8842526720,8348,,1718
1629388838,7.32E+11,8842215424,8352,,1719
1629388839,7.32E+11,8842452992,8356,,1720
1629388840,7.32E+11,8842469376,8360,,1721
1629388842,7.34E+11,8911908864,8364,,1723
1629388843,7.35E+11,8842485760,8368,,1724
1629388844,7.35E+11,8842559488,8372,,1725
1629388845,7.35E+11,8842219520,8380,,1726
1629388846,7.35E+11,8842231808,8384,,1727
1629388848,7.35E+11,8842231808,8388,,1729
1629388849,7.36E+11,8876908544,8392,,1730
1629388850,7.38E+11,8842432512,8396,,1731
1629388851,7.38E+11,8857530368,8400,,1732
1629388852,7.40E+11,8842723328,8404,,1733
1629388853,7.40E+11,8842723328,8408,,1734
1629388855,7.40E+11,8842473472,8412,,1736
1629388856,7.40E+11,8842620928,8416,,1737
1629388857,7.40E+11,8842596352,8420,,1738
1629388858,7.40E+11,8842690560,8424,,1739
1629388859,7.41E+11,8842268672,8428,,1740
1629388861,7.41E+11,8842711040,8432,,1742
1629388862,7.42E+11,8917098496,8440,,1743
1629388863,7.43E+11,8842874880,8444,,1744
1629388864,7.43E+11,8842772480,8448,,1745
1629388865,7.43E+11,8842772480,8452,,1746
1629388867,7.43E+11,8842588160,8456,,1748
1629388868,7.43E+11,8842768384,8460,,1749
1629388869,7.43E+11,8842383360,8464,,1750
1629388870,7.44E+11,8842567680,8468,,1751
1629388871,7.44E+11,8871751680,8472,,1752
1629388872,7.46E+11,8842874880,8476,,1753
1629388874,7.46E+11,8843046912,8480,,1755
1629388875,7.46E+11,8842682368,8484,,1756
1629388876,7.46E+11,8842829824,8488,,1757
1629388877,7.46E+11,8842797056,8492,,1758
1629388878,7.47E+11,8844693504,8500,,1759
1629388880,7.49E+11,8843030528,8504,,1761
1629388881,7.49E+11,8842936320,8508,,1762
1629388882,7.51E+11,8929124352,8512,,1763
1629388883,7.51E+11,8843186176,8516,,1764
1629388884,7.51E+11,8842891264,8520,,1765
1629388886,7.51E+11,8842866688,8524,,1767
1629388887,7.51E+11,8843034624,8528,,1768
1629388888,7.51E+11,8842801152,8532,,1769
1629388889,7.52E+11,8842899456,8536,,1770
1629388890,7.52E+11,8842801152,8540,,1771
1629388891,7.53E+11,8893440000,8544,,1772
1629388893,7.54E+11,8842911744,8548,,1774
1629388894,7.54E+11,8842809344,8552,,1775
1629388895,7.54E+11,8842784768,8556,,1776
1629388896,7.54E+11,8842584064,8564,,1777
1629388897,7.54E+11,8842592256,8568,,1778
1629388899,7.55E+11,8842887168,8572,,1780
1629388900,7.55E+11,8842461184,8576,,1781
1629388901,7.55E+11,8845332480,8580,,1782
1629388902,7.57E+11,8842625024,8584,,1783
1629388903,7.57E+11,8842231808,8588,,1784
1629388905,7.57E+11,8842498048,8592,,1786
1629388906,7.57E+11,8842362880,8596,,1787
1629388907,7.57E+11,8842350592,8600,,1788
1629388908,7.58E+11,8842301440,8604,,1789
1629388909,7.59E+11,8926121984,8608,,1790
1629388911,7.60E+11,8842612736,8612,,1792
1629388912,7.61E+11,8914190336,8620,,1793
1629388913,7.62E+11,8842973184,8624,,1794
1629388914,7.62E+11,8842686464,8628,,1795
1629388915,7.62E+11,8843079680,8632,,1796
1629388916,7.62E+11,8842764288,8636,,1797
1629388918,7.62E+11,8842690560,8640,,1799
1629388919,7.63E+11,8842665984,8644,,1800
1629388920,7.63E+11,8842960896,8648,,1801
1629388921,7.63E+11,8867495936,8652,,1802
1629388922,7.65E+11,8842891264,8656,,1803
1629388924,7.65E+11,8842792960,8660,,1805
1629388925,7.65E+11,8842616832,8664,,1806
1629388926,7.65E+11,8842424320,8668,,1807
1629388927,7.65E+11,8842428416,8672,,1808
1629388928,7.65E+11,8842199040,8680,,1809
1629388929,7.65E+11,8842461184,8684,,1810
1629388931,7.66E+11,8842305536,8688,,1812
1629388932,7.67E+11,8917086208,8692,,1813
1629388933,7.68E+11,8842555392,8696,,1814
1629388934,7.68E+11,8842383360,8700,,1815
1629388935,7.68E+11,8842952704,8704,,1816
1629388937,7.68E+11,8842584064,8708,,1818
1629388938,7.68E+11,8842805248,8712,,1819
1629388939,7.70E+11,8904142848,8716,,1820
1629388940,7.71E+11,8842985472,8720,,1821
1629388941,7.72E+11,8877137920,8724,,1822
1629388943,7.73E+11,8842678272,8728,,1824
1629388944,7.73E+11,8842960896,8732,,1825
1629388945,7.73E+11,8842887168,8736,,1826
1629388946,7.73E+11,8843112448,8740,,1827
1629388947,7.73E+11,8842645504,8744,,1828
1629388949,7.74E+11,8843075584,8748,,1830
1629388950,7.74E+11,8842973184,8752,,1831
1629388951,7.74E+11,8843038720,8760,,1832
1629388952,7.76E+11,8843165696,8764,,1833
1629388953,7.76E+11,8843173888,8768,,1834
1629388954,7.76E+11,8843345920,8772,,1835
1629388956,7.76E+11,8843096064,8776,,1837
1629388957,7.76E+11,8842600448,8780,,1838
1629388958,7.76E+11,8842915840,8784,,1839
1629388959,7.77E+11,8842887168,8788,,1840
1629388960,7.77E+11,8843055104,8792,,1841
1629388962,7.78E+11,8902574080,8796,,1843
1629388963,7.79E+11,8842964992,8800,,1844
1629388964,7.79E+11,8843104256,8804,,1845
1629388965,7.79E+11,8843059200,8808,,1846
1629388966,7.79E+11,8843018240,8812,,1847
1629388967,7.79E+11,8843005952,8820,,1848
1629388969,7.80E+11,8867688448,8824,,1850
1629388970,7.82E+11,8843096064,8828,,1851
1629388971,7.82E+11,8847970304,8832,,1852
1629388972,7.84E+11,8843415552,8836,,1853
1629388973,7.84E+11,8843292672,8840,,1854
1629388975,7.84E+11,8843075584,8844,,1856
1629388976,7.84E+11,8842989568,8848,,1857
1629388977,7.84E+11,8843317248,8852,,1858
1629388978,7.84E+11,8842711040,8856,,1859
1629388979,7.85E+11,8843132928,8860,,1860
1629388981,7.85E+11,8842997760,8864,,1862
1629388982,7.86E+11,8915042304,8868,,1863
1629388983,7.87E+11,8843264000,8872,,1864
1629388984,7.87E+11,8843317248,8880,,1865
1629388985,7.87E+11,8843448320,8884,,1866
1629388986,7.87E+11,8843390976,8888,,1867
1629388988,7.88E+11,8843431936,8892,,1869
1629388989,7.88E+11,8843468800,8896,,1870
1629388990,7.88E+11,8843608064,8900,,1871
1629388991,7.88E+11,8869007360,8904,,1872
1629388992,7.90E+11,8843177984,8908,,1873
1629388994,7.90E+11,8843796480,9108,,1875
1629388995,7.90E+11,8843636736,9112,,1876
1629388996,7.90E+11,8843280384,9116,,1877
1629388997,7.91E+11,8843235328,9120,,1878
1629388998,7.91E+11,8843595776,9124,,1879
1629389000,7.93E+11,8844038144,9128,,1881
1629389001,7.93E+11,8843788288,9132,,1882
1629389002,7.95E+11,8894398464,9136,,1883
1629389003,7.95E+11,8844009472,9144,,1884
1629389004,7.95E+11,8843919360,9148,,1885
1629389006,7.95E+11,8843591680,9152,,1887
1629389007,7.96E+11,8843800576,9156,,1888
1629389008,7.96E+11,8843681792,9160,,1889
1629389009,7.96E+11,8843841536,9164,,1890
1629389010,7.96E+11,8844017664,9168,,1891
1629389011,7.97E+11,8885977088,9172,,1892
1629389013,7.98E+11,8843759616,9176,,1894
1629389014,7.98E+11,8843550720,9180,,1895
1629389015,7.99E+11,8843620352,9184,,1896
1629389016,7.99E+11,8843599872,9188,,1897
1629389017,7.99E+11,8843460608,9196,,1898
1629389019,7.99E+11,8843227136,9200,,1900
1629389020,7.99E+11,8843608064,9204,,1901
1629389021,7.99E+11,8843587584,9208,,1902
1629389022,8.01E+11,8843681792,9212,,1903
1629389023,8.01E+11,8843530240,9216,,1904
1629389025,8.02E+11,8843513856,9220,,1906
1629389026,8.02E+11,8843415552,9224,,1907
1629389027,8.02E+11,8843485184,9228,,1908
1629389028,8.02E+11,8843358208,9232,,1909
1629389029,8.04E+11,8917008384,9236,,1910
1629389030,8.04E+11,8843358208,9240,,1911
1629389032,8.05E+11,8904368128,9244,,1913
1629389033,8.06E+11,8843702272,9252,,1914
1629389034,8.06E+11,8843841536,9256,,1915
1629389035,8.07E+11,8843878400,9260,,1916
1629389036,8.07E+11,8843554816,9264,,1917
1629389037,8.07E+11,8843776000,9268,,1918
1629389039,8.07E+11,8843685888,9272,,1920
1629389040,8.07E+11,8843792384,9276,,1921
1629389041,8.07E+11,8852500480,9280,,1922
1629389042,8.09E+11,8843517952,9284,,1923
1629389043,8.09E+11,8843755520,9288,,1924
1629389045,8.10E+11,8843767808,9296,,1926
1629389046,8.10E+11,8844054528,9300,,1927
1629389047,8.10E+11,8843698176,9304,,1928
1629389048,8.10E+11,8844013568,9308,,1929
1629389049,8.10E+11,8844099584,9312,,1930
1629389051,8.10E+11,8844017664,9316,,1932
1629389052,8.12E+11,8917553152,9320,,1933
1629389053,8.12E+11,8844025856,9324,,1934
1629389054,8.12E+11,8844255232,9328,,1935
1629389055,8.13E+11,8843857920,9332,,1936
1629389056,8.13E+11,8843812864,9336,,1937
1629389058,8.13E+11,8844111872,9344,,1939
1629389059,8.14E+11,8881303552,9348,,1940
1629389060,8.15E+11,8843984896,9352,,1941
1629389061,8.15E+11,8864645120,9356,,1942
1629389062,8.17E+11,8844214272,9360,,1943
1629389064,8.17E+11,8844120064,9364,,1945
1629389065,8.17E+11,8844128256,9368,,1946
1629389066,8.17E+11,8844185600,9372,,1947
1629389067,8.18E+11,8844083200,9376,,1948
1629389068,8.18E+11,8844152832,9380,,1949
1629389069,8.18E+11,8844021760,9388,,1950
1629389071,8.18E+11,8844079104,9392,,1952
1629389072,8.20E+11,8917819392,9396,,1953
1629389073,8.20E+11,8844333056,9400,,1954
1629389074,8.20E+11,8843993088,9404,,1955
1629389075,8.20E+11,8844230656,9408,,1956
1629389077,8.21E+11,8843960320,9412,,1958
1629389078,8.21E+11,8843923456,9416,,1959
1629389079,8.21E+11,8843853824,9420,,1960
1629389080,8.21E+11,8844189696,9424,,1961
1629389081,8.22E+11,8875216896,9428,,1962
1629389082,8.23E+11,8843894784,9436,,1963
1629389084,8.23E+11,8844316672,9440,,1965
1629389085,8.23E+11,8844025856,9444,,1966
1629389086,8.24E+11,8844279808,9448,,1967
1629389087,8.24E+11,8843984896,9452,,1968
1629389088,8.24E+11,8847708160,9456,,1969
1629389090,8.26E+11,8844120064,9460,,1971
1629389091,8.26E+11,8843984896,9464,,1972
1629389092,8.28E+11,8844447744,9468,,1973
1629389093,8.28E+11,8843853824,9472,,1974
1629389094,8.28E+11,8843956224,9476,,1975
1629389096,8.28E+11,8843743232,9484,,1977
1629389097,8.29E+11,8843894784,9488,,1978
1629389098,8.29E+11,8843882496,9492,,1979
1629389099,8.29E+11,8843882496,9496,,1980
1629389100,8.29E+11,8843665408,9500,,1981
1629389101,8.30E+11,8885948416,9504,,1982
1629389103,8.32E+11,8843726848,9508,,1984
1629389104,8.33E+11,8844017664,9512,,1985
1629389105,8.33E+11,8843898880,9516,,1986
1629389106,8.33E+11,8844038144,9520,,1987
1629389107,8.33E+11,8843972608,9524,,1988
1629389109,8.34E+11,8843886592,9528,,1990
1629389110,8.34E+11,8843984896,9532,,1991
1629389111,8.34E+11,8852389888,9536,,1992
1629389112,8.36E+11,8843890688,9544,,1993
1629389113,8.36E+11,8844300288,9548,,1994
1629389115,8.36E+11,8844193792,9552,,1996
1629389116,8.36E+11,8844304384,9556,,1997
1629389117,8.36E+11,8844595200,9560,,1998
1629389118,8.37E+11,8844333056,9564,,1999
1629389119,8.38E+11,8926433280,9568,,2000
1629389120,8.39E+11,8844464128,9572,,2001
1629389122,8.40E+11,8913739776,9576,,2003
1629389123,8.41E+11,8844562432,9580,,2004
1629389124,8.41E+11,8844701696,9584,,2005
1629389125,8.41E+11,8844402688,9588,,2006
1629389126,8.41E+11,8844357632,9592,,2007
1629389128,8.41E+11,8844300288,9600,,2009
1629389129,8.42E+11,8844222464,9604,,2010
1629389130,8.42E+11,8844025856,9608,,2011
1629389131,8.42E+11,8861487104,9612,,2012
1629389132,8.44E+11,8844107776,9616,,2013
1629389134,8.44E+11,8843882496,9620,,2015
1629389135,8.44E+11,8844206080,9624,,2016
1629389136,8.44E+11,8844185600,9628,,2017
1629389137,8.44E+11,8844398592,9632,,2018
1629389138,8.44E+11,8844029952,9636,,2019
1629389139,8.45E+11,8844349440,9640,,2020
1629389141,8.45E+11,8844075008,9648,,2022
1629389142,8.46E+11,8917782528,9652,,2023
1629389143,8.47E+11,8844271616,9656,,2024
1629389144,8.47E+11,8844525568,9660,,2025
1629389145,8.47E+11,8844460032,9664,,2026
1629389147,8.47E+11,8844455936,9668,,2028
1629389148,8.47E+11,8844328960,9672,,2029
1629389149,8.49E+11,8894124032,9676,,2030
1629389150,8.50E+11,8844574720,9680,,2031
1629389151,8.50E+11,8872173568,9688,,2032
1629389152,8.52E+11,8844390400,9692,,2033
1629389154,8.52E+11,8844619776,9696,,2035
1629389155,8.52E+11,8844546048,9700,,2036
1629389156,8.52E+11,8844619776,9704,,2037
1629389157,8.52E+11,8844595200,9708,,2038
1629389158,8.53E+11,8844492800,9712,,2039
1629389160,8.53E+11,8844427264,9716,,2041
1629389161,8.53E+11,8844427264,9720,,2042
1629389162,8.55E+11,8927199232,9724,,2043
1629389163,8.55E+11,8844431360,9728,,2044
1629389164,8.55E+11,8844513280,9732,,2045
1629389165,8.55E+11,8844541952,9736,,2046
1629389167,8.55E+11,8844578816,9740,,2048
1629389168,8.55E+11,8844660736,9744,,2049
1629389169,8.56E+11,8844505088,9748,,2050
1629389170,8.56E+11,8844435456,9756,,2051
1629389171,8.57E+11,8887242752,9760,,2052
1629389173,8.58E+11,8844300288,9764,,2054
1629389174,8.58E+11,8844701696,9768,,2055
1629389175,8.58E+11,8844390400,9772,,2056
1629389176,8.58E+11,8844578816,9776,,2057
1629389177,8.58E+11,8844574720,9780,,2058
1629389179,8.59E+11,8866652160,9784,,2060
1629389180,8.61E+11,8844771328,9788,,2061
1629389181,8.61E+11,8849551360,9792,,2062
1629389182,8.63E+11,8844578816,9796,,2063
1629389183,8.63E+11,8844091392,9800,,2064
1629389185,8.63E+11,8844627968,9804,,2066
1629389186,8.63E+11,8844648448,9808,,2067
1629389187,8.64E+11,8844525568,9812,,2068
1629389188,8.64E+11,8844308480,9816,,2069
1629389189,8.64E+11,8844591104,9824,,2070
1629389191,8.64E+11,8844783616,9828,,2072
1629389192,8.65E+11,8914989056,9832,,2073
1629389193,8.66E+11,8844472320,9836,,2074
1629389194,8.66E+11,8844828672,9840,,2075
1629389195,8.66E+11,8844513280,9844,,2076
1629389196,8.66E+11,8844689408,9848,,2077
1629389198,8.67E+11,8844464128,9852,,2079
1629389199,8.67E+11,8844763136,9856,,2080
1629389200,8.67E+11,8844554240,9860,,2081
1629389201,8.67E+11,8869130240,9864,,2082
1629389202,8.69E+11,8844832768,9868,,2083
1629389204,8.69E+11,8844505088,9872,,2085
1629389205,8.69E+11,8844713984,9876,,2086
1629389206,8.69E+11,8844976128,9884,,2087
1629389207,8.69E+11,8844705792,9888,,2088
1629389208,8.69E+11,8844763136,9892,,2089
1629389210,8.71E+11,8844705792,9896,,2091
1629389211,8.72E+11,8844877824,9900,,2092
1629389212,8.74E+11,8930754560,9904,,2093
1629389213,8.74E+11,8844627968,9908,,2094
1629389214,8.74E+11,8844591104,9912,,2095
1629389215,8.74E+11,8844627968,9916,,2096
1629389217,8.74E+11,8844644352,9920,,2098
1629389218,8.74E+11,8844275712,9924,,2099
1629389219,8.74E+11,8844488704,9928,,2100
1629389220,8.74E+11,8844312576,9932,,2101
1629389221,8.75E+11,8885952512,9936,,2102
1629389223,8.77E+11,8844611584,9944,,2104
1629389224,8.77E+11,8844718080,9948,,2105
1629389225,8.77E+11,8844419072,9952,,2106
1629389226,8.77E+11,8844718080,9956,,2107
1629389227,8.77E+11,8844664832,9960,,2108
1629389228,8.77E+11,8844595200,9964,,2109
1629389230,8.77E+11,8844775424,9968,,2111
1629389231,8.77E+11,8844546048,9972,,2112
1629389232,8.80E+11,8844582912,9976,,2113
1629389233,8.80E+11,8844726272,9980,,2114
1629389234,8.80E+11,8844693504,9984,,2115
1629389236,8.80E+11,8844853248,9988,,2117
1629389237,8.80E+11,8844906496,9992,,2118
1629389238,8.80E+11,8844759040,9996,,2119
1629389239,8.82E+11,8918114304,10004,,2120
1629389240,8.82E+11,8844800000,10008,,2121
1629389242,8.84E+11,8901488640,10012,,2123
1629389243,8.85E+11,8845107200,10016,,2124
1629389244,8.85E+11,8845004800,10020,,2125
1629389245,8.85E+11,8845148160,10024,,2126
1629389246,8.85E+11,8844746752,10028,,2127
1629389248,8.85E+11,8844787712,10032,,2129
1629389249,8.85E+11,8845000704,10036,,2130
1629389250,8.85E+11,8844812288,10040,,2131
1629389251,8.86E+11,8852873216,10044,,2132
1629389252,8.88E+11,8845025280,10048,,2133
1629389253,8.88E+11,8844619776,10052,,2134
1629389255,8.88E+11,8844967936,10056,,2136
1629389256,8.88E+11,8844877824,10060,,2137
1629389257,8.88E+11,8844795904,10068,,2138
1629389258,8.88E+11,8844824576,10072,,2139
1629389259,8.88E+11,8844828672,10076,,2140
1629389261,8.88E+11,8844890112,10080,,2142
1629389262,8.90E+11,8916107264,10084,,2143
1629389263,8.91E+11,8844840960,10088,,2144
1629389264,8.91E+11,8844906496,10092,,2145
1629389265,8.91E+11,8844828672,10096,,2146
1629389266,8.91E+11,8844509184,10100,,2147
1629389268,8.91E+11,8844673024,10104,,2149
1629389269,8.92E+11,8889384960,10108,,2150
1629389270,8.93E+11,8844771328,10112,,2151
1629389271,8.94E+11,8871374848,10116,,2152
1629389272,8.96E+11,8844955648,10120,,2153
1629389274,8.96E+11,8844824576,10124,,2155
1629389275,8.96E+11,8844931072,10132,,2156
1629389276,8.96E+11,8844939264,10136,,2157
1629389277,8.96E+11,8844963840,10140,,2158
1629389278,8.96E+11,8845017088,10144,,2159
1629389280,8.96E+11,8845021184,10148,,2161
1629389281,8.97E+11,8845209600,10152,,2162
1629389282,8.98E+11,8928817152,10156,,2163
1629389283,8.99E+11,8845307904,10160,,2164
1629389284,8.99E+11,8845606912,10164,,2165
1629389285,8.99E+11,8845246464,10172,,2166
1629389287,8.99E+11,8845594624,10176,,2168
1629389288,8.99E+11,8845479936,10180,,2169
1629389289,8.99E+11,8845287424,10184,,2170
1629389290,9.00E+11,8845160448,10188,,2171
1629389291,9.00E+11,8884940800,10192,,2172
1629389293,9.02E+11,8845271040,10196,,2174
1629389294,9.02E+11,8845586432,10396,,2175
1629389295,9.02E+11,8845246464,10400,,2176
1629389296,9.02E+11,8845451264,10404,,2177
1629389297,9.02E+11,8845455360,10408,,2178
1629389298,9.03E+11,8852992000,10412,,2179
1629389300,9.05E+11,8845312000,10416,,2181
1629389301,9.05E+11,8845488128,10420,,2182
1629389302,9.07E+11,8845688832,10428,,2183
1629389303,9.07E+11,8845434880,10432,,2184
1629389304,9.07E+11,8845549568,10436,,2185
1629389306,9.07E+11,8845402112,10440,,2187
1629389307,9.07E+11,8845299712,10444,,2188
1629389308,9.07E+11,8845410304,10448,,2189
1629389309,9.07E+11,8845565952,10452,,2190
1629389310,9.07E+11,8845545472,10456,,2191
1629389311,9.09E+11,8894103552,10460,,2192
1629389313,9.10E+11,8845639680,10464,,2194
1629389314,9.10E+11,8845807616,10472,,2195
1629389315,9.10E+11,8845725696,10476,,2196
1629389316,9.10E+11,8845529088,10480,,2197
1629389317,9.10E+11,8845430784,10484,,2198
1629389319,9.10E+11,8845668352,10488,,2200
1629389320,9.10E+11,8845717504,10492,,2201
1629389321,9.11E+11,8848134144,10496,,2202
1629389322,9.13E+11,8845766656,10500,,2203
1629389323,9.13E+11,8845807616,10504,,2204
1629389325,9.13E+11,8845594624,10508,,2206
1629389326,9.13E+11,8845705216,10512,,2207
1629389327,9.13E+11,8845713408,10516,,2208
1629389328,9.13E+11,8845459456,10524,,2209
1629389329,9.15E+11,8925384704,10528,,2210
1629389330,9.15E+11,8845680640,10532,,2211
1629389332,9.17E+11,8915632128,10536,,2213
1629389333,9.18E+11,8845672448,10540,,2214
1629389334,9.18E+11,8845795328,10544,,2215
1629389335,9.18E+11,8845504512,10548,,2216
1629389336,9.18E+11,8845692928,10552,,2217
1629389338,9.18E+11,8845570048,10556,,2219
1629389339,9.18E+11,8845766656,10564,,2220
1629389340,9.18E+11,8845701120,10568,,2221
1629389341,9.19E+11,8861933568,10572,,2222
1629389342,9.20E+11,8845647872,10576,,2223
1629389344,9.21E+11,8845901824,10580,,2225
1629389345,9.21E+11,8845697024,10584,,2226
1629389346,9.21E+11,8845389824,10588,,2227
1629389347,9.21E+11,8845766656,10592,,2228
1629389348,9.21E+11,8845836288,10596,,2229
1629389349,9.21E+11,8845692928,10604,,2230
1629389351,9.21E+11,8845537280,10608,,2232
1629389352,9.23E+11,8918822912,10612,,2233
1629389353,9.24E+11,8845561856,10616,,2234
1629389354,9.24E+11,8846016512,10620,,2235
1629389355,9.24E+11,8845778944,10624,,2236
1629389356,9.24E+11,8845733888,10628,,2237
1629389358,9.24E+11,8845864960,10632,,2239
1629389359,9.25E+11,8892567552,10636,,2240
1629389360,9.26E+11,8846151680,10640,,2241
1629389361,9.27E+11,8873099264,10648,,2242
1629389362,9.28E+11,8846012416,10652,,2243
1629389364,9.28E+11,8845938688,10656,,2245
1629389365,9.28E+11,8845750272,10660,,2246
1629389366,9.29E+11,8845737984,10664,,2247
1629389367,9.29E+11,8845684736,10668,,2248
1629389368,9.29E+11,8845783040,10672,,2249
1629389369,9.29E+11,8845590528,10676,,2250
1629389371,9.29E+11,8845819904,10684,,2252
1629389372,9.31E+11,8925683712,10688,,2253
1629389373,9.31E+11,8845459456,10692,,2254
1629389374,9.31E+11,8845983744,10696,,2255
1629389375,9.32E+11,8845869056,10700,,2256
1629389377,9.32E+11,8845828096,10704,,2258
1629389378,9.32E+11,8845873152,10708,,2259
1629389379,9.32E+11,8845819904,10712,,2260
1629389380,9.32E+11,8845881344,10716,,2261
1629389381,9.33E+11,8877051904,10720,,2262
1629389383,9.34E+11,8846061568,10728,,2264
1629389384,9.34E+11,8846311424,10732,,2265
1629389385,9.35E+11,8846155776,10736,,2266
1629389386,9.35E+11,8846217216,10740,,2267
1629389387,9.35E+11,8846270464,10744,,2268
1629389388,9.35E+11,8851533824,10748,,2269
1629389390,9.37E+11,8846364672,10752,,2271
1629389391,9.37E+11,8846073856,10756,,2272
1629389392,9.39E+11,8933376000,10760,,2273
1629389393,9.39E+11,8846200832,10764,,2274
1629389394,9.40E+11,8846270464,10772,,2275
1629389395,9.40E+11,8846315520,10776,,2276
1629389397,9.40E+11,8846266368,10780,,2278
1629389398,9.40E+11,8846360576,10784,,2279
1629389399,9.40E+11,8846426112,10788,,2280
1629389400,9.40E+11,8846323712,10792,,2281
1629389401,9.41E+11,8882905088,10796,,2282
1629389403,9.42E+11,8845893632,10800,,2284
1629389404,9.43E+11,8845983744,10804,,2285
1629389405,9.43E+11,8845832192,10808,,2286
1629389406,9.43E+11,8846217216,10816,,2287
1629389407,9.43E+11,8846086144,10820,,2288
1629389408,9.43E+11,8846020608,10824,,2289
1629389410,9.43E+11,8845975552,10828,,2291
1629389411,9.43E+11,8846065664,10832,,2292
1629389412,9.45E+11,8846155776,10836,,2293
1629389413,9.46E+11,8845799424,10840,,2294
1629389414,9.46E+11,8845942784,10844,,2295
1629389416,9.46E+11,8845901824,10848,,2297
1629389417,9.46E+11,8845877248,10856,,2298
1629389418,9.46E+11,8845746176,10860,,2299
1629389419,9.48E+11,8917778432,10864,,2300
1629389420,9.48E+11,8845713408,10868,,2301
1629389421,9.49E+11,8891609088,10872,,2302
1629389423,9.50E+11,8846008320,10876,,2304
1629389424,9.51E+11,8846057472,10880,,2305
1629389425,9.51E+11,8845742080,10884,,2306
1629389426,9.51E+11,8846049280,10888,,2307
1629389427,9.51E+11,8846123008,10896,,2308
1629389429,9.51E+11,8846086144,10900,,2310
1629389430,9.51E+11,8846131200,10904,,2311
1629389431,9.51E+11,8845942784,10908,,2312
1629389432,9.53E+11,8845803520,10912,,2313
1629389433,9.54E+11,8846168064,10916,,2314
1629389434,9.54E+11,8845844480,10920,,2315
1629389436,9.54E+11,8846036992,10924,,2317
1629389437,9.54E+11,8845889536,10932,,2318
1629389438,9.54E+11,8846168064,10936,,2319
1629389439,9.54E+11,8845934592,10940,,2320
1629389440,9.54E+11,8846135296,10944,,2321
1629389442,9.56E+11,8903204864,10948,,2323
1629389443,9.57E+11,8846180352,10952,,2324
1629389444,9.57E+11,8846266368,10956,,2325
1629389445,9.57E+11,8845926400,10960,,2326
1629389446,9.57E+11,8845922304,10964,,2327
1629389447,9.57E+11,8845733888,10968,,2328
1629389449,9.58E+11,8867835904,10976,,2330
1629389450,9.59E+11,8845975552,10980,,2331
1629389451,9.59E+11,8848539648,10984,,2332
1629389452,9.61E+11,8846041088,10988,,2333
1629389453,9.61E+11,8846065664,10992,,2334
1629389455,9.62E+11,8846163968,10996,,2336
1629389456,9.62E+11,8845905920,11000,,2337
1629389457,9.62E+11,8846065664,11004,,2338
1629389458,9.62E+11,8845873152,11012,,2339
1629389459,9.62E+11,8845766656,11016,,2340
1629389460,9.62E+11,8845852672,11020,,2341
1629389462,9.64E+11,8915963904,11024,,2343
1629389463,9.64E+11,8845844480,11028,,2344
1629389464,9.65E+11,8846102528,11032,,2345
1629389465,9.65E+11,8845987840,11036,,2346
1629389466,9.65E+11,8846110720,11040,,2347
1629389468,9.65E+11,8846311424,11044,,2349
1629389469,9.65E+11,8845926400,11052,,2350
1629389470,9.65E+11,8845889536,11056,,2351
1629389471,9.65E+11,8851390464,11060,,2352
1629389472,9.67E+11,8846229504,11064,,2353
1629389473,9.67E+11,8845950976,11068,,2354
1629389475,9.68E+11,8845955072,11072,,2356
1629389476,9.68E+11,8845967360,11076,,2357
1629389477,9.68E+11,8846118912,11080,,2358
1629389478,9.68E+11,8845996032,11084,,2359
1629389479,9.70E+11,8929234944,11092,,2360
1629389480,9.70E+11,8846139392,11096,,2361
1629389482,9.72E+11,8916402176,11100,,2363
1629389483,9.72E+11,8846209024,11104,,2364
1629389484,9.72E+11,8846143488,11108,,2365
1629389485,9.72E+11,8846016512,11112,,2366
1629389486,9.73E+11,8846057472,11116,,2367
1629389488,9.73E+11,8846163968,11120,,2369
1629389489,9.73E+11,8846098432,11128,,2370
1629389490,9.73E+11,8846016512,11132,,2371
1629389491,9.73E+11,8854044672,11136,,2372
1629389492,9.75E+11,8846217216,11140,,2373
1629389493,9.75E+11,8846032896,11144,,2374
1629389495,9.75E+11,8846356480,11148,,2376
1629389496,9.75E+11,8846147584,11152,,2377
,,,,,
